State_Name,State_District_Name,Population_Rural,Population_Urban,Children Received Polio Birth Rural,Children Received Polio Birth Urban,Children Did Not Receive Any Vaccination Rural,Children Did Not Receive Any Vaccination Urban,Children Received Measles Vaccine Rural,Children Received Measles Vaccine Urban,Children Fully Immunized Rural,Children Fully Immunized Urban,Children Received Bcg Rural,Children Received Bcg Urban,Diarrhoea Dysentery Male Rural,Diarrhoea Dysentery Male Urban,Diarrhoea Dysentery Female Rural,Diarrhoea Dysentery Female Urban,Respiratory Infection Male Rural,Respiratory Infection Male Urban,Respiratory Infection Female Rural,Respiratory Infection Female Urban,Fever Male Rural,Fever Male Urban,Fever Femal Rural,Fever FemaleUrban,Acute Illness Male Rural,Acute Illness Male Urban,Acute Illnes Female Rural,Acute Illness Female Urban,Acute Illness And Treatment From Any Source Rural,Acute Illness And Taking Treatment From Any Source Urban,Acute Illness And Taking Treatment From Any Source Male Rural,Acute Illness And Taking  Treatment From Any Source  Male Urban,Acute Illness And Taking Treatment From Any Source Female Rural,Acute Illness And Taking Treatment From Any Source Female Urban,Acute Illness And Taking Treatment From Government Source Person Rural,Acute Illness And Taking Treatment From Government Person Urban,Acute Illness And Taking Treatment From Government Male Rural,Acute Illness And Taking Treatment From Government Sourc Male Urban,Acute Illness An Taking Treatment From Governmen FemaleRural,Acute Illness And Taking Treatment From Government Female Urban,Women Aware Of Hiv And Aids Rural,Womene Aware Of Hiv And Aids Urban,Women Aware Of Rti And Sti Rural,Women Aware Of Rti And Sti Urban,Women Aware Of Haf Ors And Ort And Zinc And Rural,Women Aware Of Haf Ors And Ort And Zinc And Urban,Women Aware Of Ari And  Pneumonia Rural,Women Aware Of Ari And  Pneumonia Urban
Assam,Barpeta,60293,4313,67.2,74.5,4.2,5.5,76.7,71.8,61.9,63.6,93.4,94.5,792,516,734,797,252,282,349,149,2693,2864,2772,2390,4002,3756,4210,3735,95.6,98.1,96.8,98.8,94.4,97.3,34.7,25.7,34.8,25.3,34.6,26,63.5,83.2,30.3,31.2,98.8,99.4,88.7,74.2
Assam,Bongaigaon,73899,10113,71.9,91.7,3.5,2.1,79,84.4,52.8,47.9,94.2,95.8,365,220,389,273,633,519,678,483,3081,1038,3250,1556,4534,1876,4978,2565,96,93.5,96.3,93.6,95.6,93.4,47.8,40.6,50.1,51.1,45.5,32.5,59.8,91.1,46,74.5,99.5,100,89.2,95.2
Assam,Cachar,112171,14987,80.1,91.3,2.6,2.9,80.3,79.9,63.9,67.3,94.1,94.2,3949,1766,3614,1538,4539,3533,4673,4097,10731,8432,9375,11061,20040,14794,18737,17620,91.4,92.7,91.6,91.8,91.3,93.5,27.7,27.9,24.4,17.4,31.1,36.7,71.2,87.1,77.2,87.8,98.4,91.6,88.1,81.8
Assam,Darrang,28256,792,75.7,NA,5.4,NA,71.1,NA,56.1,NA,93,NA,271,NA,312,NA,444,NA,471,NA,1837,NA,2375,NA,3143,NA,3779,NA,94.2,NA,95.4,NA,93.2,NA,54.6,NA,54.5,NA,54.7,NA,77.8,NA,84.6,NA,98.9,NA,94.6,NA
Assam,Dhemaji,66537,8914,78.5,78.6,7.6,6,77,83,65.9,75.8,91.4,93.1,607,525,648,414,1599,1553,1725,1609,2496,2626,2891,3120,5438,5685,6292,6386,90.3,94.5,91.3,95.6,89.4,93.5,56,42.9,56.7,41.6,55.4,44.1,82.2,92.7,59.8,65.3,97,98.5,90.6,89.1
Assam,Dhubri,46337,4655,59.1,88.3,8.4,2.9,59.9,84.5,46.9,66,89.2,96.1,848,438,799,504,810,394,586,596,3016,1971,3522,1787,5125,3898,5575,3621,96.3,91.7,96.2,94.4,96.4,88.6,24.2,47.4,24.3,45.2,24.1,50,46.2,97.9,23.9,35,98.5,99.8,89.1,98.5
Assam,Dibrugarh,76433,20835,93.3,95.4,0.9,0.7,92.7,94.7,81.5,85.8,97.3,98.5,1628,1063,1535,957,7971,7608,9236,9277,6189,2520,6912,2367,16372,11535,18583,13317,83.3,83.3,83.8,86.5,82.9,80.3,51.8,33.2,51.2,32.1,52.3,34.3,89.6,97.6,75.6,83.3,99,99.5,96.3,94.8
Assam,Goalpara,70273,5617,71.7,78,4.6,2.8,72.4,68.9,47.3,37.3,91.8,92.1,1056,284,1556,732,431,319,653,270,2912,1774,3218,2120,4822,2945,5966,3624,96.3,97.7,96.4,97.6,96.3,97.9,54.6,54.9,54.7,55.6,54.4,54.3,72.7,80,52.5,64.2,97.4,99,91.9,92.7
Assam,Golaghat,64579,7586,80,84.4,1.1,4,89.5,87.6,69.2,71.6,96.7,95.5,2083,1966,2220,1790,9529,6456,10431,7388,5083,2949,4497,2870,17028,11583,17527,12219,87.2,83,88.7,81.9,85.6,84.4,54.6,41.4,55.8,41.7,53.3,41,82.4,95.4,92.9,98.8,91.3,99.4,92.1,94.6
Assam,Hailakandi,11986,1906,78.9,NA,7.9,NA,78.3,NA,67.6,NA,88.7,NA,4222,NA,3701,NA,13004,NA,13308,NA,2156,NA,2542,NA,19610,NA,19810,NA,91.3,NA,94.3,NA,88.2,NA,27.1,NA,24.9,NA,29.6,NA,94.9,NA,81.9,NA,98.8,NA,98.2,NA
Assam,Jorhat,136355,36603,84.1,87.8,1.3,1.2,90.3,90.6,71.8,67.2,96.8,97.3,1920,1429,2109,1604,10952,9188,11575,11551,3139,2596,3875,2859,16968,14017,18753,16890,84.7,92.2,86.8,90.8,82.7,93.4,42.1,18.1,44.2,13.9,40.1,21.6,79.7,92.3,94,97.4,97.6,97.7,91.3,91.7
Assam,Kamrup,97320,69962,84.8,87.7,0.9,1.9,87.1,90,59.1,71.6,97.9,97.6,739,489,843,484,560,393,739,459,3153,2105,3587,2555,5006,3491,5821,4225,96.5,91.9,96.7,92.4,96.3,91.5,57.2,26.8,58.1,25.4,56.3,28,80.5,95.6,42.7,81.2,99,99.6,60.8,71.3
Assam,Karbi Anglong,52081,14079,66.8,81.7,7.5,0.2,83.9,90.2,72.9,67.7,89.3,97.8,2007,968,1768,989,9605,11141,10398,11326,3800,2934,4006,3368,15584,15162,16370,15837,90.4,96.3,93.5,97.4,87.3,95.2,30.3,43.2,31.3,40.3,29.3,46.2,73.9,92.4,62.2,72.9,92,91.6,92.8,82.2
Assam,Karimganj,30062,1826,79.9,NA,7.4,NA,74,NA,65.3,NA,88.1,NA,3418,NA,3320,NA,9237,NA,9294,NA,5841,NA,6160,NA,18792,NA,19111,NA,86.3,NA,86,NA,86.5,NA,12.1,NA,13.4,NA,10.9,NA,66.5,NA,58.3,NA,98,NA,67.2,NA
Assam,Kokrajhar,17284,1745,76.4,NA,2.8,NA,84.9,NA,58.7,NA,96,NA,347,NA,431,NA,3245,NA,3457,NA,718,NA,566,NA,4617,NA,4927,NA,96.3,NA,97.4,NA,95.2,NA,56.5,NA,57.3,NA,55.7,NA,72.2,NA,50.9,NA,99.6,NA,95.9,NA
Assam,Lakhimpur,24900,3813,91.4,NA,1.7,NA,87.7,NA,64.2,NA,97.9,NA,660,NA,696,NA,341,NA,385,NA,1998,NA,2499,NA,4167,NA,4981,NA,95,NA,96,NA,94.2,NA,56.5,NA,63.5,NA,50.2,NA,76.7,NA,55.3,NA,98.3,NA,80.9,NA
Assam,Marigaon,131142,5128,70.9,89.4,3.3,1.9,82.6,87.5,66,72.5,93.6,96.9,706,834,743,419,70,199,79,84,2635,5125,2872,6038,4364,7986,4849,9099,94.5,96.9,95.1,97,94,96.8,64.2,30.9,63.2,28.7,65.1,32.9,79.9,91,46.7,54.4,98.3,99.4,83.2,92
Assam,Nagaon,77051,11073,67.3,82.3,6.2,2.5,68.1,71.3,51.8,56.6,88.1,94.9,2303,1551,2266,1187,16144,17591,16675,19801,3096,383,2575,498,22133,20201,22237,22329,91.5,90.1,92,91.1,91,89.2,21.6,27.1,23.4,28.6,19.7,25.7,67.6,85.9,96.3,86.4,99.2,99.1,81.2,86.6
Assam,Nalbari,21280,1480,90.7,NA,1.7,NA,88,NA,67.8,NA,98,NA,678,NA,636,NA,699,NA,658,NA,2229,NA,2782,NA,4470,NA,5250,NA,96.6,NA,96.8,NA,96.4,NA,62.8,NA,64.2,NA,61.7,NA,83.1,NA,65.5,NA,99.1,NA,47.9,NA
Assam,North Cachar Hills,19318,25469,77.5,91,9.4,2.4,70.4,80.7,57.1,55.2,87.2,96,2183,2752,1879,2358,4809,3826,4356,3743,2626,3630,2454,4023,9748,10451,8767,10396,75.4,95.2,73,94.7,78.4,95.7,57.9,69.3,60,66.6,55.5,72,68.3,91.7,51.9,67.2,79.6,86.7,72.4,74.5
Assam,Sibsagar,54214,3758,92.4,92.5,0.8,1.1,93.5,92.5,83.4,84.9,98,97.9,2028,1348,1762,866,7275,6958,7531,8194,2287,3398,3353,2193,11825,11812,12963,11425,87.9,91.4,86.6,91.8,89.1,90.9,38.7,52.2,41.4,49.3,36.1,55.6,94.7,97.8,66.1,85.5,98.2,99.4,91.1,95.4
Assam,Sonitpur,131125,12570,80.7,87.3,2.4,3.1,85.2,83.9,70.9,66.9,95.8,95.2,767,652,783,620,458,191,476,352,1186,1097,1328,1659,2715,2273,2965,2815,93.7,93.6,94.4,94.4,93.2,92.9,39.3,36.4,39.6,38.5,39.1,34.6,67.9,85.8,36.9,63.8,97.2,99.5,74.4,87.3
Assam,Tinsukia,115743,23747,83.9,89.5,1,0.4,90.6,93.9,78.9,80,98.2,99.3,1864,534,2317,718,9343,8595,10647,9117,2730,1153,5111,1270,14243,10545,18398,11352,71.3,86.6,68.3,90.5,73.7,82.7,31.2,31.6,31.3,30.6,31.2,32.7,79.9,96.4,95.9,96.2,96.3,98.6,92.5,98.3
Bihar,Araria,77999,3613,56.5,NA,5.4,NA,66.8,NA,59.9,NA,91,NA,3305,NA,3418,NA,4956,NA,4839,NA,12288,NA,15144,NA,21055,NA,24214,NA,99.4,NA,99.4,NA,99.3,NA,2.5,NA,2.5,NA,2.5,NA,88.4,NA,66.3,NA,97.9,NA,96.4,NA
Bihar,Aurangabad,58263,4805,85.8,82.3,1.7,3.4,83.4,77.7,79.2,73.1,96.9,94.3,596,306,526,325,1741,1485,1192,1577,3573,3886,3978,3803,9758,9039,10407,9508,96.3,95.9,96.6,97.1,96,94.6,3.9,4.3,3.4,4,4.4,4.6,82.2,82.2,67.6,67,98.6,99.4,99.1,100
Bihar,Banka,78689,2756,82.9,NA,1.8,NA,81.7,NA,65.9,NA,96.2,NA,405,NA,440,NA,3013,NA,2747,NA,5639,NA,6283,NA,11255,NA,12030,NA,92.5,NA,93,NA,92.1,NA,3.6,NA,3.7,NA,3.5,NA,49.5,NA,93.6,NA,100,NA,100,NA
Bihar,Begusarai,89013,3229,80.5,NA,1.6,NA,77.1,NA,63.8,NA,96.9,NA,962,NA,911,NA,4537,NA,5135,NA,7804,NA,7714,NA,16927,NA,17883,NA,97.1,NA,97.2,NA,96.9,NA,7.2,NA,7.4,NA,7,NA,62,NA,93.2,NA,100,NA,99,NA
Bihar,Bhagalpur,65856,8127,85.8,85.4,1.5,3.9,81.6,79,67.3,72.7,97.2,95.6,319,336,350,136,2054,7896,1976,6933,5074,2256,5528,3973,12576,13872,13838,14661,94.5,87,95.3,84.9,93.8,89.4,5.1,4.3,5.4,3.3,4.7,5.4,52.3,72.2,74.8,68.9,99.3,98.9,99.3,99.5
Bihar,Bhojpur,91547,8724,80.1,83.6,2.9,1.3,77.1,83.2,67.7,69.1,95.8,95.3,259,180,285,140,947,1396,600,1519,2563,2139,2812,2350,5431,5571,5598,5950,98.2,98.9,98.7,98.8,97.8,98.9,5.4,4.2,5.5,3.7,5.3,4.8,75.9,84.4,89.4,80.9,99.5,99.2,98.9,99.1
Bihar,Buxar,95048,5013,79.3,86.7,4.3,6,75.5,78.3,67.7,68.7,94,93.4,185,411,243,533,1850,1850,1548,2531,3639,9204,3784,8502,8140,12388,8193,12963,95.9,93.9,95.8,91,96,96.9,6,5.9,5.9,6.6,6,5.3,54.6,90,92.3,90,100,99.7,99.3,100
Bihar,Darbhanga,81316,2896,33.6,51.5,1.3,1,86.1,95.1,68.6,72.8,97.8,99,2744,1314,2467,1077,8752,12549,7795,13692,9166,5979,10028,6462,21261,26347,20985,27385,95.1,100,95.5,100,94.6,100,1.5,0.1,1.4,0,1.6,0.3,80.5,94.5,76.9,99.8,97.7,100,95,99.4
Bihar,Gaya,42329,8366,76,75.9,2.1,1.6,77.1,65.2,71.5,60.5,95.4,92.5,612,420,624,257,2118,1235,1932,1648,5250,1804,4831,1790,12893,7525,13185,8047,96.9,95.4,97.1,96.2,96.7,94.6,2.1,7.6,2,8.9,2.2,6.4,59.7,71.3,86.4,87.2,99.9,99.9,99.5,100
Bihar,Gopalganj,91371,4332,72.9,75.8,3.8,2,89.9,91.9,74.3,81.9,95.4,98,2166,315,2138,450,4254,4955,4872,4848,4588,3964,5243,4348,11446,9324,12893,9795,99.1,99.5,99.2,99.5,99,99.5,3.4,1.5,3.6,1,3.2,2.1,90.1,85.9,81.4,91.8,100,99.7,95.8,97.4
Bihar,Jamui,46921,2593,77,NA,4.5,NA,64.8,NA,49.8,NA,89.5,NA,374,NA,365,NA,1045,NA,860,NA,4727,NA,5532,NA,8620,NA,9208,NA,93.4,NA,93.7,NA,93.1,NA,2.9,NA,2.7,NA,3.2,NA,71.1,NA,66.5,NA,97.9,NA,97.9,NA
Bihar,Jehanabad,107006,6889,87.3,78.5,1.5,2.6,85.3,71.2,80.4,66.5,98,94.8,280,120,282,90,4409,5088,5149,6028,909,1716,1129,1611,7737,8401,8857,9743,99.1,99.7,99.2,100,99,99.4,3.7,2.5,3.7,2.9,3.7,2.2,79,75.8,84.3,86.5,99.9,100,99.1,100
Bihar,Kaimur (Bhabua),60063,2125,84,NA,1.9,NA,78.2,NA,68.8,NA,96.7,NA,414,NA,392,NA,2328,NA,2115,NA,4685,NA,4790,NA,11468,NA,9234,NA,96.8,NA,97.3,NA,96.1,NA,18.2,NA,27.7,NA,5.9,NA,57.8,NA,91.8,NA,99.7,NA,99.2,NA
Bihar,Katihar,84271,3717,77.3,89.7,5.1,2.8,78.1,84.1,68.5,83.2,93.4,96.3,2270,790,2308,640,4844,3791,5015,4712,9947,9795,10752,10995,17882,14903,18925,16812,96.8,96.2,96.9,95.8,96.7,96.5,4.2,12.4,4.2,12.2,4.3,12.5,84.9,98.2,48.1,48.6,99.4,99.7,97.5,99.4
Bihar,Khagaria,128255,4437,68.3,84,8.4,1.7,87.8,90.8,84.7,87.4,91.1,97.5,2573,169,2673,101,2005,4186,1816,3903,3796,2706,4135,2990,8963,7611,9213,7653,98.3,99.7,98.3,99.4,98.3,100,13,0.9,16.8,1.7,8.8,0,91,99.1,88.5,99.4,100,100,99.9,99.1
Bihar,Kishanganj,57103,4704,61.9,93.4,9.7,0,38.3,63.5,29.7,57.7,85.1,98.5,4201,616,4488,617,4907,4271,5955,4978,14960,15280,17835,18634,24288,20211,28481,24229,99.4,99.7,99.3,99.6,99.4,99.8,1.1,1.5,1.2,1.3,1,1.6,63.6,88.6,75.3,90.6,98,99.9,99.5,98.8
Bihar,Lakhisarai,108830,8664,78.2,74.2,3.1,4.7,76.4,71.9,67.7,63.3,95.5,93.8,413,71,412,406,3975,2680,3194,2659,4849,5917,5228,6121,13342,17415,13250,18752,94.1,99.6,94.1,99.6,94.1,99.6,3.5,2.2,3.3,1.8,3.8,2.7,65.9,67.5,82.4,88.1,100,100,99.2,99.9
Bihar,Madhepura,100899,2626,46.1,NA,1.2,NA,85.9,NA,80.1,NA,97.3,NA,1932,NA,1804,NA,2429,NA,2523,NA,7744,NA,8146,NA,12258,NA,12712,NA,99.1,NA,99.2,NA,99,NA,2.3,NA,2.2,NA,2.5,NA,51.5,NA,47.1,NA,97.4,NA,72.7,NA
Bihar,Madhubani,128092,1316,47.3,NA,4.4,NA,90.5,NA,87.9,NA,95.3,NA,2311,NA,2322,NA,6904,NA,6756,NA,5934,NA,6290,NA,15919,NA,16464,NA,94.5,NA,94.7,NA,94.3,NA,11.9,NA,11.5,NA,12.2,NA,82.7,NA,65.8,NA,94.1,NA,92.6,NA
Bihar,Munger,77808,17036,83.6,85,1.1,0.8,86.1,86,74.3,74.7,98.2,97.5,228,140,165,91,1128,631,1184,754,3649,3587,4162,3972,9331,6789,10100,7740,88.8,94.4,89,93.8,88.5,95,4.6,4.1,4.1,3.7,5,4.6,61.3,80.4,88.7,82,99.2,100,99.3,99.7
Bihar,Muzaffarpur,103139,4252,71.4,86.6,2.3,2.1,86.1,86.6,65,51.5,96.5,97.9,2859,1375,2767,1489,5077,5866,5088,6314,7200,2062,7241,3439,15733,9395,15754,11396,99.4,99.5,99.4,99.5,99.4,99.5,5.9,3.3,6.3,2.5,5.5,4.1,83,100,70.8,82.7,99.5,100,95.5,97.7
Bihar,Nalanda,72727,7910,85.9,88.7,1.8,2.9,82.6,82.2,75.8,69.1,97.4,92,823,412,863,526,6043,9240,5589,9936,2186,3298,2323,3378,14300,15779,15156,17251,98.4,99.1,98.4,99.5,98.3,98.6,4,1.2,4.1,1.5,4,0.9,76.3,86.7,87.4,84.8,100,99.4,100,98.5
Bihar,Nawada,67568,4176,81.3,78.6,1.9,2.1,79.7,79.3,72.6,77.9,96.1,92.9,643,555,681,932,2766,1462,2218,2536,2492,1513,3082,2588,10951,7716,12340,12474,96.3,98.7,96,99.3,96.6,98.3,2.5,1.8,2,2,2.9,1.7,64.4,56.2,78,66.8,98.8,99.2,99.6,100
Bihar,Pashchim Champaran,47113,2501,72.7,72.9,5.8,2.4,74.5,81.2,52.9,68.2,93.9,97.6,3492,1289,3644,1322,7163,5231,7806,5374,12350,7885,13828,8458,23064,14708,25395,15419,99.8,100,99.8,100,99.8,100,6.4,2.7,5.6,1.5,7.1,4,86.8,99.8,65.6,66.5,99.3,100,99,100
Bihar,Patna,93687,47517,81.3,87.4,1.7,1.6,79.3,87.8,74.1,79.4,97.3,97.5,174,243,131,271,6029,2585,6497,2266,1495,2195,1602,2755,8541,6758,9209,7584,98.5,99,98.5,99,98.6,99.1,1.6,4.7,1.6,4.4,1.7,4.9,77.6,91.4,77.9,76.4,100,100,100,99.4
Bihar,Purba Champaran,86127,4863,61.4,NA,10,NA,65.3,NA,42.4,NA,85.5,NA,4505,NA,4936,NA,7070,NA,6940,NA,12533,NA,13198,NA,24303,NA,25459,NA,99.6,NA,99.7,NA,99.5,NA,9.4,NA,9.1,NA,9.7,NA,85.4,NA,86.8,NA,100,NA,99.2,NA
Bihar,Purnia,44326,4589,53.2,NA,2.4,NA,85.3,NA,81.9,NA,96.2,NA,5464,NA,5578,NA,13169,NA,14652,NA,7987,NA,9629,NA,26715,NA,29954,NA,99.7,NA,99.6,NA,99.7,NA,2,NA,1.9,NA,2.1,NA,64.1,NA,44.8,NA,96.2,NA,82.6,NA
Bihar,Rohtas,65401,7242,93.3,81.9,2.7,3.6,77.3,77.9,70.4,69.8,95.8,95.7,281,452,305,358,3353,9189,3919,8179,4854,2799,5167,3881,11989,14391,13455,13970,96.5,94.6,96.5,93.7,96.4,95.5,7,5.6,6.7,6.1,7.3,5.1,58.9,68.4,70.8,74.2,99.7,100,99.3,99.9
Bihar,Saharsa,65945,6620,44.3,81.5,3.4,3.1,84.5,71.8,77.4,50.8,95.4,96.9,3594,2119,3746,1815,2462,2925,2095,1848,10390,4597,11410,4851,16606,9791,17380,8647,99.2,96.6,99.1,97.9,99.3,95,2.3,5.6,2.2,5.3,2.4,6,58.8,77.8,51.8,79.3,97.4,99.5,91.1,99.5
Bihar,Samastipur,84410,2203,66,NA,3.1,NA,91.7,NA,84.6,NA,96.5,NA,2782,NA,2430,NA,4331,NA,4363,NA,5240,NA,5466,NA,12591,NA,13018,NA,99.6,NA,99.7,NA,99.5,NA,3.5,NA,3.4,NA,3.6,NA,88,NA,80.8,NA,100,NA,99.6,NA
Bihar,Saran,73074,6007,56,59.5,5.6,1.9,86.2,79,80.6,71.9,93.4,98.1,1688,337,1691,350,2606,2424,2442,2553,5372,1279,5549,1504,10051,4310,10164,4897,99.7,97,99.7,96.9,99.6,97.1,9.9,2.7,14,3.2,5.9,2.2,88.3,98.7,94.6,98.5,100,99.6,99.9,100
Bihar,Sheikhpura,61398,6092,85.5,87.1,1.7,2,83.1,80.2,78.7,73.8,96.5,94.6,376,529,350,1086,5402,6735,4481,7889,2124,4156,2224,5448,12608,15784,12603,20224,97,98.7,97.3,99,96.6,98.5,3.9,6.6,3.8,7,4,6.2,67.3,69.2,91.9,90.7,100,100,99.7,100
Bihar,Sheohar,69401,2289,32.7,NA,4,NA,81.2,NA,69.7,NA,93.6,NA,3980,NA,4024,NA,9455,NA,9137,NA,14118,NA,15280,NA,28026,NA,29101,NA,99.7,NA,99.7,NA,99.6,NA,2.9,NA,2.9,NA,2.8,NA,83.5,NA,71.5,NA,96.6,NA,99.8,NA
Bihar,Sitamarhi,67274,4166,40.2,NA,5.9,NA,77.6,NA,68.2,NA,92.5,NA,5038,NA,5342,NA,13483,NA,11989,NA,8911,NA,9946,NA,27733,NA,27648,NA,99.8,NA,99.8,NA,99.7,NA,2.6,NA,2.4,NA,2.7,NA,91.4,NA,80.3,NA,99.3,NA,99.8,NA
Bihar,Siwan,137164,11261,67.7,86.9,4.1,6.5,91.3,88.5,75.9,81.5,95.3,93.2,1495,537,1378,773,1510,1956,1693,2073,2593,5660,2534,5635,5998,8222,6029,8519,99.5,99.8,99.5,99.6,99.5,100,20.6,3.4,16.3,3.4,25,3.3,85.8,99.2,91,87.8,100,99.8,93.7,99.6
Bihar,Supaul,92714,3233,49.3,NA,3,NA,82.1,NA,72.6,NA,94,NA,2360,NA,2015,NA,3328,NA,3588,NA,6125,NA,7233,NA,12451,NA,13670,NA,97.8,NA,97.7,NA,97.9,NA,6.3,NA,6.2,NA,6.5,NA,52.7,NA,46.7,NA,95.9,NA,73.7,NA
Bihar,Vaishali,91759,3072,70.6,89.7,3.6,1.5,87.2,88.2,76.2,82.4,95.9,98.5,1556,1039,1526,1249,6229,1429,6208,2792,7978,2273,9191,3159,15871,4740,17050,7201,99.4,100,99.6,100,99.1,100,4.8,30.4,5.5,41.1,4,22.4,93.5,100,92.5,98.8,100,100,99.5,100
Chhattisgarh,Bastar,64521,7010,92.42,93.44,3.42,1.64,87.3,92.35,82.08,87.98,95.84,97.81,1131.28,251.96,1087.45,408.16,880.51,615.9,900,932.94,1747.56,1623.74,2054.83,2244.9,4473.7,3527.44,4949.57,4606.41,99.84,97.89,99.86,97.62,99.83,98.1,69.56,61.51,70.9,64.23,68.34,59.35,72.51,94.42,61.45,90.46,99.27,99.4,74.28,93.99
Chhattisgarh,Bilaspur,69602,37024,89.24,89.12,2.51,3.95,86.32,84.04,70.49,64.12,97.03,94.49,567.22,902.95,622.33,973.97,4039.73,5417.68,4934.45,6381.19,4407.56,1652.76,3993.71,2289.39,9529.99,9129.79,9977.98,10831.23,99.94,99.95,99.94,99.94,99.94,99.95,21.05,40.36,21.06,40.63,21.04,40.12,89.12,94.79,77.92,85.29,99.95,99.77,95.56,97.93
Chhattisgarh,Dantewada,59583,8978,83.21,94.79,6.91,3.91,81.76,94.14,63.8,80.46,91.86,95.77,2320.44,419.43,2447.75,361.5,433.14,684.33,361.41,723,5236.34,3730.68,5525.59,3976.5,8345.71,5629.14,8772.55,6009.94,99.8,98.08,99.83,98.04,99.78,98.12,56.91,24.27,55.92,21.6,57.83,26.82,50.12,93.65,49.06,84.63,99.23,99.63,68.89,82.64
Chhattisgarh,Dhamtari,94023,12436,96.99,96.46,2.14,2.36,92.93,94.4,88.63,91.45,97.77,97.64,2490.98,988.96,2383.26,734.21,11238.29,14257.46,12355.14,16740.09,4309.35,2851.49,4328.46,2431.07,18548.68,18328.66,19692.99,20182.74,99.87,98.68,99.87,98.29,99.88,99.03,44.47,20.62,47.53,28.64,41.55,13.47,90.79,96.35,97.35,99.77,99.28,96.07,97.23,99.72
Chhattisgarh,Durg,74687,46270,91.82,93.94,2.9,1.82,93.15,92.56,85.01,90.4,96.8,98.18,574.03,261.87,558.71,295.51,1535.88,1592.68,1415.77,1746.22,4108.11,3644.72,4411.4,4052.12,6543.43,5962.91,6757.98,6555.03,99.9,99.79,99.86,99.71,99.94,99.86,14.64,24.8,21.45,25.27,8,24.35,95.52,99.14,87.84,94.03,100,99.84,95.31,98.09
Chhattisgarh,Janjgir-Champa,87836,8750,90.55,93.17,2.16,1.24,91.73,94.41,77.13,58.39,97.09,97.52,840.51,631.2,873.05,303.24,4368.29,4688.91,4746.43,3942.15,8623.09,12781.79,9082.08,13925.82,14003.31,18214.61,14916.29,18287.85,99.98,99.94,99.99,99.88,99.98,100,35.59,25.64,35.22,28.87,35.94,22.32,94.13,99.72,88.14,95.98,98.3,99.93,97.06,99.52
Chhattisgarh,Jashpur,53556,2683,87.19,NA,2.19,NA,88.6,NA,61.71,NA,97.27,NA,1038.45,NA,960.15,NA,5250.69,NA,5618.31,NA,10045.01,NA,10427.94,NA,16622.89,NA,17248.66,NA,96.5,NA,96.69,NA,96.31,NA,51.42,NA,53.59,NA,49.26,NA,67.02,NA,65.8,NA,99.47,NA,85.06,NA
Chhattisgarh,Kanker,48397,3248,92.01,NA,2.17,NA,94.92,NA,90.01,NA,97.65,NA,419.81,NA,397.46,NA,2300.24,NA,2635.1,NA,3288.55,NA,3685.95,NA,6166.96,NA,6887.34,NA,99.86,NA,99.89,NA,99.83,NA,32.05,NA,32.63,NA,31.53,NA,93.69,NA,85.46,NA,98.89,NA,94.88,NA
Chhattisgarh,Kawardha,23342,5250,95.88,NA,3.28,NA,88.04,NA,69.82,NA,96.34,NA,2141.37,NA,2374.73,NA,3001.17,NA,2927.61,NA,8904.04,NA,9673.93,NA,14576.81,NA,15539.44,NA,99.95,NA,99.93,NA,99.98,NA,9.11,NA,8.89,NA,9.31,NA,78.43,NA,88.13,NA,99.16,NA,95.05,NA
Chhattisgarh,Korba,68935,48812,84.32,97.78,3.31,0.79,87.96,96.03,60,69.58,96.05,99.05,1136,529.5,1226.11,521.43,1499.5,5106.5,1747.27,5705.86,6725.62,6265.79,7343.8,6547.85,9529.93,12150.51,10501.83,12937.56,96.55,99.97,98.38,99.97,94.82,99.97,21.77,25.04,21.11,23.45,22.42,26.64,89.49,93.3,73.79,82.16,98.65,98.7,81.37,98.18
Chhattisgarh,Koriya,33664,15207,75.08,86.14,2.51,2.71,91.31,89.46,76.77,73.19,97.02,96.69,1199.56,719.88,1211.31,838.46,1403.16,1250.32,1297.58,1117.94,5123.67,3233.14,5849.51,3605.37,8020.64,5430.66,8660.28,5799.33,99.27,98.82,99.87,97.91,98.68,99.76,49.97,29.82,51.24,28.98,48.71,30.68,75.49,93.05,81.16,92.74,98.93,99.5,95.43,99.73
Chhattisgarh,Mahasamund,50427,6494,82.41,88.97,2.81,2.07,90.2,96.55,81.17,87.59,97.19,97.93,769.1,311.04,782.8,663.72,1668.13,3359.25,1734.24,3824.27,11384,72814.93,11878.05,74273.07,13960.35,76547.43,14550.43,78792.67,99.54,99.52,99.49,99.47,99.59,99.56,6.6,17.57,1.88,0.53,11.16,34.37,91.62,96.62,81.82,93.8,99.51,100,93.51,99.53
Chhattisgarh,Raigarh,64938,12797,89.76,95.79,3.14,1.84,92.45,88.68,72.44,76.58,96.45,97.89,873.12,746.73,926.39,779.51,5919.79,7794.03,6381.38,9099.59,10675.3,5553.83,10825.89,5949.73,17658.19,14141.26,18343.45,15908.37,99.97,99.9,99.97,99.89,99.97,99.9,29.67,49.92,31.18,49.45,28.2,50.35,78.87,98.24,69.78,88.83,99.68,99.62,94.78,99.29
Chhattisgarh,Raipur,86636,37699,89.83,90.17,3.05,2.99,93.07,92.45,79.38,82.34,96.37,97.01,220.67,333.92,286.94,394.74,2688.12,2707.92,2739.62,3201.75,2805.01,1549.62,2966.76,1792.76,5863.78,4732.34,6106.56,5482.46,99.5,99.16,99.48,99.45,99.51,98.9,3.73,26.97,3.71,4.99,3.76,47.02,99.91,99.82,92.31,96.42,99.76,99.92,94.22,99.69
Chhattisgarh,Rajnandgaon,46595,11405,87.62,89.92,2.7,3.23,92.37,92.34,83.59,79.44,95.82,96.77,1483.63,722.21,1361.39,554.76,2846.29,2730.32,2990.36,2863.28,9672.6,30579.53,10605.6,32891.91,14424.15,34190.59,15410.88,36739.44,99.65,99.12,99.61,99.07,99.68,99.17,31.35,33.29,34.22,25.17,28.62,40.96,87.08,99.55,80.65,95.82,98.57,99.65,95.43,98.71
Chhattisgarh,Surguja,67674,5830,73.6,98.17,3.76,0,86.37,89.02,57.79,82.32,96.01,100,662.61,563.29,731.26,615.27,1893.96,3048.38,1451.85,2895.4,6415.84,3578.53,6569.43,4415.49,9366.87,8184.23,9224.63,9301.48,98.8,100,99.33,100,98.24,100,35.36,53.77,22.27,61.54,49.49,46.3,69.3,98.85,74.78,99.62,99.49,99.71,90.94,99.23
Jharkhand,Bokaro,65779,43769,82,89.4,2.2,0.9,85.3,88.4,81,84.2,96.5,97.4,208,162,179,165,725,1041,826,1113,1915,1333,2221,1755,3848,3784,4275,4407,90.8,86.6,91.4,87.3,90.4,86.1,6.7,13.1,5.7,14.9,7.7,11.4,88.5,96.7,80.2,95.6,99.1,99.2,97.4,99.1
Jharkhand,Chatra,63510,5757,65.1,82.3,6.4,4.2,76.8,75.5,61.1,63.5,92.2,95.8,392,364,366,301,3217,1127,3509,7081,3098,3962,3538,5198,7114,5562,7856,12693,90.5,55.1,98.1,79.1,84,44.2,4.8,17.8,6,14,3.6,20.8,59.9,87.4,75.2,76.3,96.4,91,91.5,98.1
Jharkhand,Deoghar,44608,9661,74.5,80.1,5.7,4.9,71.6,75.2,55.5,61.8,89.9,91.9,179,84,192,95,2591,882,2477,520,1709,1050,1960,1136,4874,2269,5086,2082,86.7,92.3,97.4,95.4,76.1,88.6,15.2,8.3,24.4,9.7,3.7,6.4,46.4,71.2,59.1,87,95.3,98.9,72.6,92
Jharkhand,Dhanbad,61300,57210,72.3,83.1,2.2,1.9,78.5,80.1,69.2,69.3,91.9,95.6,392,290,477,337,3947,4103,4002,4263,1948,2732,2298,3086,6463,7348,7119,7996,94.3,90.2,94.4,90,94.3,90.4,11.9,9.9,11.1,10.2,12.6,9.7,50.2,71.6,73.4,69.9,95.2,98.1,76.1,86.1
Jharkhand,Dumka,50636,4390,65.5,80.6,3.1,0.7,81.6,85.8,72.3,82.1,93.1,98.5,344,45,322,150,3288,2834,3387,2645,1634,810,1826,1597,5343,3869,5664,4441,90.7,85.7,90.7,86,90.8,86.5,20.9,14,20.8,14.9,20.9,13,31.4,65.7,72.8,74.9,76.9,88.3,67.2,71.7
Jharkhand,Garhwa,100822,5491,69.5,NA,4.1,NA,81.6,NA,65.1,NA,94.8,NA,249,NA,235,NA,2828,NA,1751,NA,2183,NA,3045,NA,5636,NA,5522,NA,91.6,NA,93.3,NA,89.9,NA,8.1,NA,10,NA,6.1,NA,56.1,NA,67.4,NA,96.3,NA,89.7,NA
Jharkhand,Giridih,111633,5608,67.1,75.8,9.4,9.4,65.8,70.5,46.2,52.3,86.6,89.3,211,149,176,117,2339,0,2125,2863,2382,2080,2968,3292,5191,2415,5555,6662,92.5,88.6,97.3,100,88.4,84.2,7.7,10.5,12.9,7.7,2.7,11.8,63.3,74.3,88.4,80.8,97.9,82.2,97.6,93.6
Jharkhand,Godda,63911,3534,76.5,NA,4.5,NA,76.2,NA,55.6,NA,93.7,NA,203,NA,177,NA,1906,NA,1840,NA,2234,NA,2419,NA,4870,NA,5047,NA,87.5,NA,87.2,NA,87.8,NA,6.6,NA,7.6,NA,5.6,NA,55.5,NA,76.6,NA,98.8,NA,91.1,NA
Jharkhand,Gumla,156732,9756,86.3,88.8,1.4,0.6,90.1,91.5,80.8,82.1,97,97.9,900,1002,834,1222,4352,7689,4603,8228,4255,2745,4829,4212,9808,11958,10617,13902,75,85.8,76.1,86.5,73.9,85.1,23.8,26.5,24,27.4,23.6,25.6,53.4,83.5,59.6,77.8,89.8,98.4,93.6,92
Jharkhand,Hazaribagh,105798,18794,82.8,89.7,1.9,1.2,86.6,88.3,70.2,72.2,97.3,96.8,309,566,314,592,3758,5839,3808,5938,3640,1656,4222,1653,8352,8406,9049,8706,88.6,90.4,88.6,90.8,88.7,89.9,9.9,12.8,10.5,13.8,9.4,11.8,78.1,93.2,75,84.8,98.1,100,78,88.8
Jharkhand,Kodarma,63071,9395,80,90,2.7,0.3,83.5,81.7,65.1,44.1,96.8,99.3,275,230,253,121,1286,0,1046,7703,2177,1353,2801,1456,4287,1961,4758,9759,95.5,95.9,95.4,100,95.5,95,4.8,9.7,4.2,16.9,5.4,8.1,72.1,84.4,74.9,78.5,99.9,100,97.4,96
Jharkhand,Lohardaga,106222,11978,86.1,94.7,1.3,0.7,94.1,91.9,88.2,87.2,97.5,98.6,420,354,372,504,6007,8746,6406,8744,2340,2780,2818,3077,9019,12093,9926,12756,75.5,90.6,75.8,93.3,75.2,88,21.1,21.8,20.4,19.5,21.7,24.2,51,86.9,49.5,77.7,97.6,99.1,93.8,98.3
Jharkhand,Pakaur,29825,2109,71.8,NA,3.4,NA,75.4,NA,47.3,NA,94.7,NA,852,NA,763,NA,944,NA,802,NA,4742,NA,4728,NA,7388,NA,7133,NA,94.6,NA,93.6,NA,95.8,NA,12.5,NA,12.6,NA,12.4,NA,51.3,NA,59.9,NA,96.6,NA,74.4,NA
Jharkhand,Palamu,127246,6772,72.8,88,4.7,0.5,80.9,87,64.2,70.8,93.6,99.5,231,426,205,357,2378,548,2218,2664,2437,2012,3532,3024,5509,3003,6467,6323,92,64.2,91.5,79.7,92.4,56.3,3.1,2.7,3.2,1.3,3,3.6,61,68.1,71.2,65,98.3,84.4,94.5,91.6
Jharkhand,Pashchimi Singhbhum,88412,16070,57.8,90.2,3.1,0.4,86.9,92.9,73,84.3,95,99,593,480,560,535,6006,6767,6163,7753,4279,3093,4302,3409,11800,10845,11961,12178,87.7,87.7,88.4,89.4,87,86.3,20.4,20.9,21.3,19.5,19.5,22.1,51.3,94.6,56.1,77.4,93.8,98.8,76.2,91.5
Jharkhand,Purbi Singhbhum,75210,99262,84.8,90.8,0.5,0.9,93.3,91.3,87.2,82.9,98.2,98.8,323,386,267,480,7339,6488,7415,7219,1830,1657,2036,1997,9535,8634,9793,9834,84.3,92.6,81.4,92.5,87.2,92.7,20.8,6.9,20.6,6.5,21.1,7.2,60.5,91.8,57.6,67.6,95.5,98.8,75.6,91.4
Jharkhand,Ranchi,90577,42670,87.6,92.1,1.6,0.7,91.6,89.3,84.5,75.5,97.1,98.1,258,204,218,196,1965,2028,2053,2310,3518,2140,4123,2693,6609,5430,7318,6312,85.8,89.5,85.9,89.3,85.6,89.7,10.8,13.8,11.2,14.1,10.5,13.6,69,91.9,57.4,92.2,93.9,99.4,88.1,99.1
Jharkhand,Sahibganj,238744,23036,68.4,88.8,6.4,2.7,73.9,79.4,57.2,65,91,97.2,555,166,532,253,1158,1093,1028,1737,3444,2211,3962,2847,5827,3862,6312,5327,94.4,65.4,94.4,67.6,94.5,63.6,6.2,14.8,6.3,14.7,6.1,14.9,58.1,70.8,64.3,67.3,97.2,91,88.5,95.9
Madhya Pradesh,Balaghat,63229,10412,90.4,86.3,2.6,4.4,95,91.5,85.2,64.8,97.3,95.6,504.27,192.12,395.93,290.75,2088.06,288.18,1971.56,329.52,15587.86,11488.95,17090.45,11358.79,18577.29,12084.53,19959.64,12075.98,99.5,99.8,99.7,99.8,99.4,99.7,9.3,15.9,9.2,15.6,9.5,16.1,70.6,90.7,78.7,98.1,99,99.2,99.9,99.9
Madhya Pradesh,Barwani,45002,8872,78.8,95.2,5,1.2,79.6,92.2,64.6,82.5,91.6,98.4,468.35,199.42,432.65,163.32,1741.28,1794.76,1949.84,3126.4,4887.77,7334.13,6318.5,7046.08,7412.56,9461.25,9090.2,10475.79,98.5,99.4,98.5,99.3,98.6,99.6,57.2,36.9,57,34.2,57.4,39.4,62.3,81,84.7,95.1,90.6,95.5,86.4,90.4
Madhya Pradesh,Betul,56024,14303,86.9,94.6,2.9,3.2,93.9,94.6,63.8,69.1,96.7,96.8,1089.75,466.26,1114.81,590.35,944.84,2879.87,777.37,3023.76,14095.85,10024.68,16066.52,11533.48,16340.03,13535.38,18254.47,15406.77,99.5,99.3,99.5,99.3,99.5,99.3,9.5,3.9,9.8,3.6,9.3,4.2,69.7,92.5,61.8,85.9,96.7,100,92.7,100
Madhya Pradesh,Bhind,71772,34741,88.8,90.1,3.4,3.5,81.7,85.3,69.3,75.7,95.6,96,114.23,136.84,102.06,82.06,1347.89,2309.8,1320.72,2196.55,1893.76,1209.63,3358.96,1906.2,3799.62,3891.63,5167.92,4386.8,97.7,98.3,97.7,99.3,97.7,97.4,9.8,16,9.1,14.6,10.5,17.4,63,85.6,93.3,95.8,99.5,99.7,96.3,99
Madhya Pradesh,Bhopal,11722,64321,94.4,92.5,2.5,2,94,83.3,88.2,67.7,97.5,97.8,828.25,369.66,981.42,389.93,3346.06,1941.46,2155.84,2287.17,7175.77,2136.8,9000.89,2578.81,11765.14,5175.21,12622.77,6091.49,83.9,98.6,81.9,98.1,86,99.1,42.7,32.1,46.1,29.8,39.3,34.1,76.5,95.1,81.6,93.3,97.5,98,87.8,95.9
Madhya Pradesh,Chhatarpur,33494,9846,81,89,4.8,4.5,70.1,85.6,37,70.1,93.3,94.8,1119.24,728.35,1135.74,768.72,546.76,1259.84,632.78,1207.99,6154.65,11574.8,7009.59,12914.56,8069.25,13700.79,9102.15,15154.84,99,99.9,98.9,99.9,99.1,100,11.4,23.2,11.8,21,10.9,25.4,56.1,88.2,81.2,92.8,86.6,96.2,100,94.9
Madhya Pradesh,Chhindwara,30060,12682,83.3,91.9,5.6,3.8,89.8,93.8,63.7,57.7,92.9,96.2,460.07,602.32,453.15,359.83,3685.01,3042.47,3368.1,3058.55,7305.07,5528.96,7624.99,6035.33,12743.23,10162.16,12792.75,10664.05,98.9,98.6,98.9,98.5,99,98.8,17.8,19.3,17.4,20.7,18.2,17.9,65.2,84.8,63.6,60.4,97.2,100,95.2,100
Madhya Pradesh,Damoh,31221,10179,66,85.8,5.9,7.1,76,81.2,39.9,52.1,92.7,91.6,1333.04,1054.85,1614.21,956.34,2516.64,1131.57,2854.86,1122.66,9658.22,5140.01,9877.2,6943.87,14952.58,8649.79,16384.58,10790.02,97.9,99.6,98.4,99.6,97.3,99.6,5.2,2.2,4.3,2,6.1,2.3,44.5,82.6,55.8,54.5,96.2,98.9,98.1,99.8
Madhya Pradesh,Datia,21526,11932,86.6,90.1,5.5,7.8,73.5,80,61.4,68.6,92.8,91.9,379.11,678.66,479.59,403.6,1489.74,1404.67,1555.34,1926.25,1760.41,1373.11,2607.53,1779.49,3795.87,3708.96,4852.79,4384.52,33.8,57.4,32.5,54.9,35,59.8,15.8,32.7,17.5,28.7,14.4,36.4,76.9,91.2,95.7,95.1,97.5,99,97.4,97
Madhya Pradesh,Dewas,45950,24625,91.1,92.3,2.7,2.7,87.6,87.2,76.3,69.6,96,96.6,116.84,78.86,52.22,25.61,1288.43,559.89,1399.08,477.98,1652.34,1458.88,2125.32,1800.96,3234.24,2271.11,3740.26,2441.11,97.3,97,96.6,95.5,97.9,99,13.2,13.6,13.9,12.7,12.7,14.5,70.3,86.5,81.6,86.8,97.4,99.6,91.8,95.5
Madhya Pradesh,Dhar,30856,8129,87.2,93.7,2.2,2.3,80.3,81.9,70.8,66.8,97.6,97.4,235.21,308.28,265.92,261.92,173.26,450.56,122.19,288.11,3036.56,2489.92,3070.02,2540.6,3878.18,3770.45,3915.7,3745.42,51.7,59.3,50.6,54.7,52.8,64.3,35.5,34.1,39.3,39.1,31.7,29.3,62.5,87.3,77.7,91.4,95.8,98.4,81.8,91.4
Madhya Pradesh,Dindori,31730,2744,68.2,NA,4,NA,90.6,NA,67.6,NA,94.3,NA,625.73,NA,660.71,NA,6295.94,NA,7075.15,NA,6277.83,NA,6867.63,NA,13607.27,NA,15228.96,NA,89.5,NA,89.5,NA,89.5,NA,20.6,NA,19.8,NA,21.3,NA,37.3,NA,89,NA,99.6,NA,96.1,NA
Madhya Pradesh,East Nimar,41485,14684,82.6,92.5,3.9,2.1,78.7,88,63.2,68.8,95.1,97.4,601.75,525.2,591.59,391.63,2876.51,5124.2,3796.98,6958.88,4139.87,4655.78,4748.43,5422.5,8143.81,10915.54,9726.88,13104.38,70,100,69.3,100,70.6,100,22.2,13.2,23.8,13.8,20.9,12.8,71.1,90.6,60.4,77.6,97.5,99.7,91.7,95.4
Madhya Pradesh,Guna,19421,9978,92.8,94,3.7,0,86.4,89.7,66.5,79.8,95.7,99.7,719.8,803.52,799.3,803.3,1413.65,2200.11,1354.05,1910.55,5187.29,4228.05,4745.47,5058.62,7565.73,7461.26,7083.35,8163.27,23.9,49.2,22.7,45.1,25.5,53.5,25.9,32.4,25,35.8,26.9,29.4,53.4,90.8,81,93.6,98.1,99.8,94.1,99.1
Madhya Pradesh,Gwalior,20355,42914,90.9,95.8,1.7,0.5,91.5,90.1,73.8,77.5,97.7,99,131.32,158.68,138.6,181.68,2492.11,1741.09,2328.82,1816.81,2327.96,1335.57,2511.67,1443.35,5242.66,3517.43,5177.74,3699.22,54.4,98.4,52.9,98.5,56.2,98.6,20.1,22.7,20.7,22.4,19.5,23.1,84.4,94,89.2,96.2,99.6,99.6,93.6,98
Madhya Pradesh,Harda,51287,16829,85.1,95.9,5,1.3,88.1,90.6,60.8,63.7,94.4,98.7,427.08,437.28,383.16,360.25,463.42,632.91,380.73,1080.75,5802.62,2520.14,6230.12,2447.2,7054.4,3855.01,7239.46,4173.91,99,99.1,99,98.8,99,99.4,7.4,14.1,8,15.4,6.8,12.9,67.7,92.8,52.1,73.9,97,99.2,89.7,99.9
Madhya Pradesh,Hoshangabad,49606,33490,91,95.9,2.6,0.5,93.4,98.3,70.5,61,97,99.3,1060.83,306.2,1124.68,258.61,1278.87,2258.94,1293.44,2340.1,11775.03,10029.46,11891.68,11568.06,14314.69,12744.81,14539.45,14337.08,97.8,99.4,97.9,99.4,97.7,99.5,14.2,24.2,12.2,22.4,16.3,25.9,57.5,100,56.5,87.4,97.5,100,86.9,99.9
Madhya Pradesh,Indore,28802,91475,91.4,92,1.3,1.8,89.1,95.7,81.1,87,98.6,97.9,726.66,412.73,755.86,392.8,710.76,1194.19,737.72,1348.08,2400.36,2136.98,2735.13,2412.61,4078.78,4005.78,4575.48,4467.27,99,98.6,98.8,98.9,99.1,98.3,17.5,12.6,18.2,14.3,16.9,11,84.2,96.4,78.8,92.1,98.4,99.2,98.3,96.1
Madhya Pradesh,Jabalpur,25918,51451,86.1,93.8,6.9,2.9,81.4,90.7,63.3,74.2,93.1,96.8,1669.49,414.57,1828.76,547.75,802.53,1979.46,819.36,2178.66,5527.32,4414.57,6487.39,5481.65,8271.27,7021.48,9438.26,8533.42,98.4,97.8,98.2,97.8,98.6,97.8,13,6.3,14.7,7,11.4,5.7,69.8,95.3,60.3,88.2,98.2,100,93.9,97.8
Madhya Pradesh,Jhabua,42523,5191,77.7,93.6,11.9,1.9,73.4,92.4,54.5,84.1,87.4,97.5,423.25,76.98,414.64,81.04,1624.99,1385.68,1765.67,1458.67,2084.95,2078.52,2514.54,2390.6,4418.03,3695.15,5053.13,4213.94,55.1,91.5,57.2,89.6,53.3,93.3,37.2,47,38,46.5,36.4,47.4,63.4,86.5,77.1,83.7,95.4,97.5,95,95.8
Madhya Pradesh,Katni,33037,12600,88.1,91.8,1.7,0.5,89,93.4,63.3,64.4,97.8,99.2,1077.5,357.59,1020.22,396.69,768.08,1912.31,958.87,1603.31,10870.47,4244.4,11964,4528.93,14385.2,8146.77,15400.51,8132.23,97.9,96,97.9,96.8,98,95.1,8.7,1.9,8.4,1.8,9.1,2.1,56.3,93.2,90,99.4,100,100,99.6,100
Madhya Pradesh,Mandla,37939,7259,70.8,93.1,7.1,3.9,78.2,88.7,49.7,66.2,91.9,96.1,1888.95,823.72,1786.44,508.19,4786.29,7962.66,5026.37,9486.17,9758.59,9033.5,11051.79,8723.88,16965.93,17902.25,18398.28,18859.4,89.5,96.7,89.4,97.4,89.6,96.1,27.1,25.6,28.1,23.8,26.1,27.4,38.5,99.9,83.4,99.9,97.4,100,94.7,99.9
Madhya Pradesh,Mandsaur,51708,15667,86,93.2,4.6,2.2,80.7,90.9,65.9,72.2,95.2,97.6,478.53,440.75,398.91,133.53,1183.68,1082.99,1084.33,1415.41,5821.31,4734.92,6134.71,5875.28,7873.46,6598.67,8091.26,7851.52,99.2,99.3,99.3,99.2,99.1,99.3,23,23,24,23.3,22,22.8,63.8,80.7,61.6,88.6,97.8,98.4,94.2,97.2
Madhya Pradesh,Morena,36842,13094,95.5,95.3,1.5,1.4,80.5,86.4,70.2,82,97.8,97.7,523.41,643.41,407.3,546.92,1757.75,1386.9,1570.56,1281.83,3051.71,2330.57,3549.88,2563.66,5738.66,5104.38,6058.56,5281.15,72.8,96.8,72.3,97.2,73.3,96.4,24.5,17.2,24.5,16.1,24.4,18.5,67.7,85.2,83.2,88.3,98.2,97.9,93.7,96.1
Madhya Pradesh,Narsimhapur,36804,7294,86.4,89.6,3.6,2.6,90.2,92.7,71.8,62.2,96.2,97.4,613.83,521.51,704.3,232.36,1314.14,1851.37,1086.2,1945.98,7972.3,6910.04,8318.99,7900.09,10325.86,9387.22,10996.88,10136.51,99.3,99,99.4,98.6,99.2,99.4,15.1,51.4,14.5,56.6,15.7,46.1,85.5,93,98.4,97.5,100,100,97.7,98.2
Madhya Pradesh,Neemuch,38271,21503,91.8,92.5,2,2.5,88.8,91.5,71.7,80,97.6,97.1,391.5,54.85,334.23,48.51,3280.81,5750.59,3204.64,7286.31,2649.53,4397.51,3454.25,5287.67,6498.16,10349.24,7131.42,12894.15,98.1,99,98,99.9,98.2,98.3,28.8,30.2,30.5,31.6,27.1,28.9,72.1,90.5,53.5,86.4,96.4,98.4,89.3,98.2
Madhya Pradesh,Panna,23106,5539,80.6,90.9,6.2,6.5,71.2,67.5,37.2,46.8,92.8,93.5,1326.89,1107.14,1395.22,828,1716,1428.57,1755.99,1091.46,5377.29,2178.57,6137.98,2747.46,8606.2,5000,9556.8,4892.74,96.5,94.1,96.5,92.9,96.4,95.4,38,30.3,36.3,33.8,39.6,26.6,37.9,58.3,38.3,57.6,98.4,99,85.4,95
Madhya Pradesh,Raisen,19755,8127,81.1,96.6,4.3,2,85.9,89.7,53.8,50.7,95,98,1260.13,1254.36,1245.25,1072.67,3394.3,3507.55,3571.71,3915.26,2341.47,7317.07,2927.2,7401.45,7084.94,12078.98,7788.98,12443.01,97.2,99.6,97.2,99.8,97.2,99.4,17.5,23.5,18.4,22.7,16.5,24.3,49.9,78.5,45.2,71,92.9,98.1,85.5,93.8
Madhya Pradesh,Rajgarh,29816,7258,87.2,94.5,2.8,1.8,86,94.1,74.5,84.9,96.6,97.8,630.67,700.81,448.4,583.94,2157.87,1159.03,2739.11,1459.85,2794.13,2479.78,3416.15,3474.45,8032.86,6010.78,9264.27,7766.42,72.2,82.2,70.7,82.1,73.6,82.3,24.7,29.9,24.5,27.9,24.9,31.5,58.8,76.2,81.5,90.1,97,99.8,93.5,97.9
Madhya Pradesh,Ratlam,23036,22477,92.1,95.2,2.7,1.1,91.8,95.1,78.7,87.6,97.3,98.4,521.34,244.69,452.91,166.14,1342.22,3189.72,1301.5,3285.95,3009.27,1765.27,3277.48,2344.47,5188.42,5391.94,5414.44,6138.08,99.4,99.5,99,99.5,99.8,99.5,39.6,27,38.9,27.5,40.4,26.6,70.5,90.1,91,95.4,97.1,99.3,97.1,99
Madhya Pradesh,Rewa,27490,6424,89.5,93.6,2.2,1.2,86,90.1,59.5,70.3,97,98.8,1401.36,364.19,1119.34,401.74,831.25,940.82,634.87,1138.27,12068.08,8012.14,15791.58,8570.47,14492.3,9377.85,17796.11,10177.44,98.5,98.7,98.2,98.7,98.7,98.7,15.7,11.2,17.4,10.2,14.3,12.3,65.2,91.5,64.8,62.4,99.9,100,95.2,97.1
Madhya Pradesh,Sagar,26575,15154,72.3,91.4,5.5,4.5,74,85.7,49.8,69.3,92.7,95.5,2075.13,1207.61,2198.44,1380.75,1554.67,989.21,1648.31,850.77,4026.58,5190.13,4496.79,6513.25,8574.97,9840.7,9196.88,11743.38,95.8,97.8,96.5,97.9,95.1,97.6,10.3,6.4,11.2,6.8,9.3,6.1,61.9,89.5,69.8,79.5,99.9,99.8,97.4,97.9
Madhya Pradesh,Satna,47229,17307,80.2,87,3.7,2.5,80.7,88.6,50.1,67.5,94.2,97.3,709.93,368.76,821.84,386.29,1102.39,1184.49,1233.21,1433.02,5867.02,6168.29,6372.82,7376.95,7883.86,7844.45,8705.74,9420.56,98.2,99.7,98.2,99.6,98.2,99.7,20,13.8,20.6,14,19.3,13.7,44,74.8,90.7,92.2,97.5,96.3,100,99.9
Madhya Pradesh,Sehore,22458,5841,85.2,93.7,4.9,2.1,86.7,93.3,77.5,78.2,94.9,97.9,243.24,95.97,251.81,299.07,1562.99,2015.36,1681.84,2766.36,3090.1,1823.42,4014.49,2317.76,5707.27,5214.33,6899.96,6579.44,71,87.6,72.5,92.6,69.7,83,22.5,57.9,24.2,52.3,20.9,63.7,74.3,83.5,88.6,91.5,96.7,94.5,92.6,95.2
Madhya Pradesh,Seoni,31112,4476,81.7,93.5,2.8,0,90.7,93.5,63.5,83.9,96.7,100,961.26,347.98,1238.98,323.48,5312.28,4828.19,5838.88,5083.18,10726.48,8568.94,11749.09,7624.77,18921.21,15484.99,20485.72,15388.17,99.4,99,99.5,99.2,99.4,98.8,34.6,15.5,32.1,11.3,37,20.1,57,88.5,83.5,92,98.4,100,99.3,99.9
Madhya Pradesh,Shahdol,22245,9078,74.4,80.8,8.3,7.5,83.2,82.2,50.9,39.7,91.7,92.5,430.85,552.25,445.97,515.71,2288.03,870.86,2090.63,1031.41,13800.07,2931.18,14528.18,3117.67,17210.68,4354.29,18157.05,4688.23,99.4,99.3,99.3,99,99.5,99.5,25.7,47.5,25.3,50.7,26.1,44.2,57.2,81.5,64.2,52.2,94.8,96,80.6,92.6
Madhya Pradesh,Shajapur,42527,12443,93.7,92.4,1.5,3.1,91.3,90,75,84.1,98.2,96.5,141.09,156.35,138.66,151.52,1135.1,1891.81,1183.37,2760.94,3725.81,3736.71,4299.67,2811.45,5389.41,6050.66,6010.65,6010.1,98,98.3,97.6,98.2,98.4,98.3,19.7,23.3,21.6,25,17.9,21.4,75.6,96,74.4,95.4,98,99.3,95.4,97.3
Madhya Pradesh,Sheopur,38352,9110,77.8,92.5,5.3,0.4,73.1,88.9,62.5,80.6,92.7,99.3,181.71,207.17,233.82,143.16,2059.12,1843.8,2319.99,1932.71,1543.21,1118.71,1639.89,1002.15,3984.53,3293.97,4361.28,3173.47,76.6,60.3,73.9,62.3,79.3,57.9,37.1,36.9,38.3,40.4,35.9,32.5,41.5,77.8,86.1,96.5,96.9,98.6,96.9,99
Madhya Pradesh,Shivpuri,34718,7353,88.3,93.6,2.8,2.5,81.9,86.8,61.8,81,96.7,96.9,293.77,235.29,148.33,260.95,1282.69,3006.54,1183.75,2899.39,2056.05,2535.95,2652.65,2899.39,3715.01,6013.07,4086.57,6291.68,64.6,99.3,58.7,100,70.7,98.6,36.9,25.9,38.3,24.8,35.8,27.1,80.1,96.6,92.3,98.9,94.5,97.7,95.9,96.9
Madhya Pradesh,Sidhi,30953,5398,79.6,91.2,10.1,0.8,77.5,87.2,59.1,68,89,99.2,890.55,701.75,773.27,1152.62,798.74,1263.16,642.63,1987.28,10608.38,7719.3,12882.12,7909.38,12477.96,9754.39,14528.28,11128.78,98.6,99.8,98.3,100,98.8,99.6,9.8,34.3,10.5,41.4,9.1,27.2,60.2,89.2,85.2,89.1,97.7,100,96.3,99.4
Madhya Pradesh,Tikamgarh,42382,9475,84.3,85.5,5.9,4.6,54.9,78.6,27.9,48.6,92.9,95.4,1325.4,1664.61,1116.61,1413.91,252.53,164.41,237.58,159.64,6347.49,4130.7,6885.76,4492.59,8062.82,6267.98,8476.17,6362.6,97.4,99.7,97.5,100,97.4,99.3,23.4,7.6,23.5,4.3,23.2,11.2,42.1,65.1,52.2,53.2,93.6,99.8,97.9,95.5
Madhya Pradesh,Ujjain,21794,15597,90.7,91.4,1.8,3.6,93.6,91.1,82.5,79.1,97.8,96.4,613.91,184.48,402.84,136.82,2115.28,1303.65,2087.39,1258.72,4652.41,3197.64,5506.71,4172.94,7634.19,4919.44,8305.9,5896.84,74.8,99.5,76.9,99.5,72.8,99.5,28.1,20.4,27.8,19.1,28.4,21.7,70.5,92.3,93.2,95.9,97,99.7,94.1,97.2
Madhya Pradesh,Umaria,46981,13139,81,90,11.7,6.2,77.3,89.3,41.1,39,86.3,93.8,437.58,134.53,538.54,129.93,1845.79,1375.19,1901.42,1218.13,12418.44,2391.63,13034.61,2777.33,15976.89,4454.41,16993.44,4563.91,98.7,90.3,98.7,90.3,98.7,90.4,20.5,22.2,20.7,22.7,20.3,21.7,39.4,67.5,57.7,49,93.2,99.3,87.3,98.6
Madhya Pradesh,Vidisha,24232,13204,86.9,95.3,3.4,2.5,86.1,91.6,48.7,49.3,95.9,97.3,839.27,129.78,679.83,194.33,1187.19,1932.23,1261.84,2364.37,15767.16,3749.1,16894.86,4097.17,18063.6,5839.94,18981.57,6704.45,98.7,99.1,98.6,99,98.8,99.3,29.2,17.7,32.7,20,25.5,15.6,49.9,99.9,40.3,74.6,89.6,92.3,75,92.9
Madhya Pradesh,West Nimar,88010,16817,89.3,90.1,0.8,0.7,86.7,86.9,67.2,72.8,98.5,99.2,197.5,93.25,229.36,74.6,2031.83,1025.76,2766.96,870.32,3612.2,1270.54,3692.18,1777.94,6626.73,2785.87,7423.12,3369.39,98.9,98.6,98.9,98.7,98.9,98.5,34.2,26.6,34.1,24.6,34.3,28.5,71.8,91.6,91.8,98.7,99.2,99.7,93.7,99.1
Odisha,Anugul,61797,12375,88.55,88.32,0.91,0.97,90.23,87.83,80.57,82.24,98.53,98.54,936.75,418.14,854.19,612.64,268.5,192.99,267.75,315.07,5474.83,2862.66,6728.75,4305.97,11046.71,9054.36,13592.34,12637.84,95.16,95.33,96.26,95.03,94.25,95.57,53.43,23.59,56.84,21.5,50.55,25.22,93.55,98.52,67.07,84.83,99.78,99.62,36.36,33.04
Odisha,Balangir,43245,4710,88.13,91.72,0.9,0,91.56,93.49,79.86,74.56,98.8,100,761.63,346.17,642.84,497.74,474.35,302.9,526.7,316.74,7021.63,6231.07,7584.78,8552.04,10234.35,8654.26,11359.77,11312.22,95.03,98.44,95.38,98,94.71,98.8,51.1,30.25,53.3,31.63,49.07,29.15,87.61,97.6,62.31,94.25,99.89,99.76,45.16,53.29
Odisha,Baleshwar,57924,7299,91.63,93.89,0.24,0.87,92.62,93.89,85.61,83.84,98.34,99.13,787.92,487.39,877.11,287.77,203.7,86.01,204.37,143.88,9806.23,7081.42,11051.87,8143.88,15770.83,9862.39,17727.33,12086.33,96.5,98.3,96.84,98.84,96.22,97.86,32.39,25.03,32.57,24.71,32.23,25.3,97.69,99.21,85.27,95.09,99.96,100,22.98,32.49
Odisha,Bargarh,76666,6840,78.64,85.28,0.46,0,90.12,92.89,82.47,88.32,98.86,100,1043.68,411.64,1162.87,865,1223.47,558.66,1570.64,710.53,5373.04,4204.65,6963.55,4973.74,9490.05,7262.57,12031.45,9391.41,94.58,95.1,94.7,95.95,94.49,94.41,38.58,38.93,39.13,37.13,38.13,40.42,80.48,96.74,37.51,51.06,99.96,100,16.34,35.48
Odisha,Baudh,21914,2257,73.6,NA,1.46,NA,89.7,NA,54.29,NA,98.06,NA,311.71,NA,216.45,NA,3063.04,NA,3114.02,NA,6042.13,NA,6724.56,NA,11009.84,NA,11685.52,NA,95.2,NA,95.62,NA,94.8,NA,51.06,NA,52.46,NA,49.69,NA,76.23,NA,75.93,NA,99.2,NA,88.5,NA
Odisha,Bhadrak,81931,8827,82.65,84.87,0.49,1.48,90.34,88.72,83.35,84.27,99.23,97.92,917.4,438.8,1110.3,569.26,5085.96,4180.14,5450.66,3557.87,5499.04,5127.02,6153.69,6902.28,16941.36,12170.9,19339.41,14824.48,93.76,96.18,93.82,96.96,93.71,95.52,38.87,42.33,40.64,52.84,37.46,33.33,99.17,99.32,86.69,83.67,99.98,100,50.79,46.87
Odisha,Cuttack,73087,21926,87.53,87.19,0.8,1.24,90.15,86.16,63.82,48.14,98.7,98.14,386.8,371.61,365.42,372.71,540.56,425.99,572.25,305.81,6426.98,4178.37,7655.93,4472.48,8446.62,5565.12,9683.24,5972.86,93.91,95.96,94.69,96.58,93.2,95.36,46.62,24.22,47.58,27.66,45.73,20.81,96.67,97.82,76.41,96.96,99.64,98.97,90.35,91.26
Odisha,Debagarh,26277,4404,79.75,85.12,1.49,2.48,90.74,78.51,82.32,69.42,97.6,95.87,1635.16,1593.25,1814.85,1237.51,206.3,93.72,143.57,95.19,10522.2,5904.4,13246.78,8995.72,13904.35,9465.79,16693.58,12375.06,100,100,100,100,100,100,61.19,55.84,62.03,58.42,60.5,53.85,90.4,99.61,47.59,65.7,99.98,100,42.98,53.61
Odisha,Dhenkanal,55111,4698,88.84,89.31,0.7,0.63,88.12,88.68,73.86,83.02,98.73,99.37,1406.39,1368.65,1643.44,1345.9,377.64,220.75,469.71,224.32,8585.59,8741.72,9494.52,10812.02,14587.36,12273.73,15890.2,17496.64,95.66,92.96,96.33,93.88,95.06,92.31,61.01,57.97,60.92,61.3,61.08,55.56,98.56,99.16,70.78,83.19,99.91,100,36.99,51.26
Odisha,Gajapati,34015,5304,83.29,93.94,2.98,2.02,87.91,83.84,47.5,59.6,95.35,97.98,678.54,114.85,737.93,189.75,567.78,344.56,517.35,303.61,4694.85,1186.83,6231.44,1593.93,7106.94,2258.81,8729.8,3263.76,97.12,98.62,96.41,98.31,97.72,98.84,75.54,70.63,78.26,70.69,73.32,70.59,99.21,99.19,56.74,72.7,94.24,95.28,57.26,67.28
Odisha,Ganjam,52656,8557,80.32,92.09,1.37,0,84.68,90.96,42.41,46.89,97.43,99.44,546.08,98.02,520,253.04,3688.5,2989.46,4421.82,3036.44,2187.72,808.63,2184.81,1138.66,7913.77,4288.16,9092.41,4757.09,96.13,98.07,96.54,98.86,95.82,97.34,47.73,29.49,49.58,25.43,46.26,33.33,92.23,96.36,62.23,75.38,97.84,99.47,67.01,79.7
Odisha,Jagatsinghapur,56298,6570,94.53,85.95,0.21,0,93.03,86.78,57,68.6,99.59,100,391.6,237.81,477.43,287.87,846.4,267.54,889.86,143.94,5831.61,3626.63,6419.82,4534.01,8373.22,4637.34,9390.79,5577.55,97.53,97.75,97.73,99.36,97.36,96.13,41.18,16.78,39.54,14.19,42.64,19.46,97.84,99.72,75.35,82.65,99.68,99.91,88.76,96.4
Odisha,Jajapur,75303,3385,86.1,NA,0.49,NA,89.94,NA,82.75,NA,98.88,NA,1831.06,NA,2210.42,NA,266.68,NA,254.94,NA,9398.63,NA,10718.77,NA,13331.15,NA,15411.47,NA,96.62,NA,97.29,NA,96.06,NA,54.82,NA,55.1,NA,54.58,NA,99.68,NA,54.67,NA,99.9,NA,49.29,NA
Odisha,Jharsuguda,113545,61477,91.04,92.52,0.34,0.48,93.83,91.14,85.17,82.86,99.07,99.38,1099.17,398.62,1259.31,481.37,2772.51,2200.4,5117.46,2973.79,3662.85,3460.04,4322.62,4389.37,10969,8849.42,14667.5,10073.1,85.93,93.41,86.56,94.74,85.45,92.11,35.84,15.83,37.18,15.63,34.78,16.03,91.28,96.94,51.27,69.56,99.92,99.94,45.89,55.3
Odisha,Kalahandi,40578,4505,73.69,NA,1.17,NA,86.69,NA,41.05,NA,97.35,NA,120.33,NA,122.56,NA,108.14,0,54.73,46.82,6424.78,3522.34,7121.7,4447.57,7213.79,4166.67,7759.3,5196.63,97.71,95.19,97.79,94.85,97.63,95.5,65.79,61.11,66.3,65.22,65.3,57.55,55.24,NA,29.44,NA,100,NA,78.59,NA
Odisha,Kandhamal,32426,4692,88.25,90.59,0.33,1.18,92.87,90.59,40.83,41.18,99.28,98.82,475.79,300.43,503.69,545.21,818.31,643.78,888.72,1817.36,6843.52,4077.25,7535.31,5542.94,9229.25,6266.09,10144.58,8995.91,88.28,91.86,89.3,91.1,87.33,92.42,78.54,66.14,78.85,66.92,78.24,65.57,79.67,98.03,82.71,98.03,99.41,99.87,87.14,98.68
Odisha,Kendrapara,63138,4483,87.21,89.52,0.17,0,92.42,98.39,86.93,95.97,99.08,100,1190.8,815.35,1487.34,912.83,120.75,95.92,121.51,45.64,5648.28,5563.55,6402.99,6481.06,9531.35,9592.33,11618.48,11364.67,96.64,93.99,97.27,94.5,96.18,93.57,54.15,42.65,57.26,47.62,51.86,38.63,99.51,99.49,36.15,56.47,99.97,100,30.73,33.93
Odisha,Kendujhar,55989,14010,76.37,72.39,0.88,2.12,88.56,87.64,78.38,79.34,97.31,97.49,1235.5,1046.58,1358.8,1248.88,182.22,324.29,246.59,371.69,8474.37,5763.56,9592.52,7939.34,10543.05,8549.53,12085.99,10853.4,91.53,93.36,92.71,95,90.52,92.05,75.23,41.05,75.33,43.56,75.14,38.99,86.93,93.49,60.2,81.2,99.65,99.85,34.18,59.57
Odisha,Khordha,109054,83622,88.1,89.93,0.29,1.61,88.31,84.16,62.79,55.91,98.9,97.45,539.81,174.43,595.03,202.44,2300.05,902.39,2510.59,1060.91,7385.37,4160.76,8197.08,5068.81,10855.43,5744.59,11950.61,6936.93,98.13,96.43,98.23,96.48,98.03,96.38,52.71,39.76,55.35,40.83,50.27,38.79,99.98,98.44,77.27,85.66,99.98,99.94,81.59,83.54
Odisha,Koraput,29362,6197,65.48,79.07,1.12,1.86,80.25,89.77,55.61,30.7,96.9,95.81,474.65,130,405.61,261.95,156.31,0,179.49,32.74,3470.01,2177.45,3691.07,2554.03,4802.87,2567.44,5077.84,3339.88,89.28,93.92,90.05,94.94,88.57,93.14,63.19,57.65,67.18,60,59.4,55.79,72.49,87.31,64.91,52.07,98.45,90.41,63.54,60.15
Odisha,Malkangiri,54315,5418,66.69,71.55,2.03,0.86,80.87,89.66,29.01,39.66,95.96,98.28,359.6,227.1,405.34,332.35,931.14,8705.53,949.43,10745.94,10144.97,5563.97,12771.02,7422.45,12305.22,15102.2,14952.22,19202.36,94.07,90.75,94.04,91.98,94.09,89.81,68.48,49.88,70.49,52.59,66.85,47.75,68.45,98.48,21.31,38.4,97.72,99.09,66.99,83.08
Odisha,Mayurbhanj,44955,4370,81.57,93.69,0.34,0,90.3,90.09,79.27,87.39,97.76,99.1,1216.02,569.53,1220.08,762.27,92.71,47.46,72.56,0,6710.07,3369.72,7269.46,3382.56,11933.66,7214.05,13089.45,9290.14,96.86,97.41,97.95,98.68,95.9,96.41,61.14,71.6,60.83,60,61.42,80.85,86.95,97.7,44.18,74.62,99.88,99.87,26.73,40.56
Odisha,Nabarangapur,47533,2472,70.8,NA,2.73,NA,86.26,NA,49.33,NA,95.62,NA,578.57,NA,479.17,NA,96.48,NA,76.92,NA,3581.73,NA,3701.02,NA,4684.06,NA,4852.75,NA,86.29,NA,87.34,NA,85.25,NA,57.17,NA,56.5,NA,57.86,NA,45.77,NA,46.25,NA,97.11,NA,73.23,NA
Odisha,Nuapada,38643,1938,75.86,NA,1.52,NA,88.38,NA,45.19,NA,97.34,NA,180.6,NA,118.16,NA,606.06,NA,516.6,NA,4661.86,NA,5519.09,NA,5810.43,NA,6478.08,NA,94.43,NA,96.12,NA,92.85,NA,61.49,NA,63.16,NA,59.88,NA,89.26,NA,53.16,NA,98.66,NA,94.87,NA
Odisha,Nayagarh,62730,2460,84.55,NA,0.8,NA,90.61,NA,54.97,NA,98.56,NA,800.98,NA,994.4,NA,1237.55,NA,1355.18,NA,10600.21,NA,10984.64,NA,14389.2,NA,15171.11,NA,98.17,NA,98.17,NA,98.18,NA,77.4,NA,79.07,NA,75.78,NA,90.85,NA,74.12,NA,99.57,NA,80.59,NA
Odisha,Puri,68576,12670,91.59,87.2,0.54,0,90.39,90.4,48.89,35.6,98.93,99.6,681.71,251.49,751.76,322.31,3711.41,2059.1,4405.17,2748.09,3451.16,1147.44,3631.3,1492.79,8870.86,4369.7,10053.21,5513.15,97.57,99.5,97.96,99.64,97.21,99.38,41.57,36.17,43.22,38.63,40.09,34.06,98.44,94.56,79.25,84.82,99.89,97.02,82.33,89.69
Odisha,Rayagada,28164,7300,83.81,92.25,0.66,1.55,83.73,76.74,35.82,28.68,98.39,97.67,253.22,109.68,278.19,167.36,37.74,82.26,39.07,0,4351.63,2851.66,5187.26,3068.34,4948.95,3235.54,5924.37,3570.43,93.69,96.34,94.67,96.61,92.91,96.09,74.61,60.76,78.01,67.54,71.87,54.47,76.84,94.85,15.53,34.85,98.38,99,48.26,69.38
Odisha,Sambalpur,28801,19145,81.97,87.08,0.61,0.98,89.46,83.29,79.75,76.26,99.05,98.74,1033.73,802.28,996.53,892.17,742.56,295.58,867.76,407.53,8151.05,7885.57,9575.67,10199.36,11032.97,10060.17,12542.27,12743.69,93.7,95.12,93.88,95.91,93.53,94.47,59.12,39.06,56.84,38.29,61.17,39.71,87.96,96.98,63.67,80.52,99.68,99.97,20.94,39.13
Odisha,Sonapur,56001,3948,83.26,78.22,0.54,0,91.07,80.2,70.1,62.38,98.46,100,363.8,641.34,359.66,604.73,738.12,394.67,787.4,329.85,3498.18,3206.71,3999.31,5717.43,5552.11,4736.06,6353.87,7256.73,91.93,92.11,92.28,92.71,91.6,91.67,58.81,51.9,59.39,51.69,58.28,52.07,81.23,97.33,87.89,87.9,99.85,100,95.69,98.93
Odisha,Sundargarh,47118,19788,84.2,92.4,0.94,0.69,91.95,94.3,80.1,89.98,98.12,98.96,731.38,478.95,791.66,658.18,287.86,748.35,309.08,960.29,5204.16,4031.13,5515.84,5988.35,6497.1,5707.44,6930.5,8221.84,100,100,100,100,100,100,63.19,21.06,63.15,19.58,63.23,22.18,68.56,94.95,42.43,72.23,99.62,99.95,36.11,67.4
Rajasthan,Ajmer,42984,19093,79.9,84.6,5.7,6,91,90.5,84.5,87.1,93.2,93.6,161,287,185,255,376,522,361,432,1830,2395,2323,2657,3949,4585,4771,5501,91.7,95.8,92.8,94.9,90.7,96.6,35.3,33.9,35.7,32.7,35,35,99.5,99.8,99.8,99.9,96.4,98.9,97.6,99.2
Rajasthan,Alwar,56038,7393,87.2,90.2,6.2,2.1,89.6,91.2,83.7,89.7,93.4,97.9,131,206,178,149,1687,951,1841,1015,2145,1208,2701,1941,4220,2646,5360,3494,94.4,98.2,93.6,97.1,95.1,99.1,40.4,43.1,38.5,39,42.1,46.6,95,99.1,96.6,94.1,99.2,99.7,99.3,99.9
Rajasthan,Banswara,48420,2193,82.3,NA,4.8,NA,90,NA,84.6,NA,90.9,NA,68,NA,43,NA,1319,NA,1591,NA,275,NA,276,NA,1719,NA,1980,NA,97.9,NA,98.1,NA,97.9,NA,50,NA,47.1,NA,52.4,NA,74.4,NA,75.3,NA,82.8,NA,70.7,NA
Rajasthan,Baran,40166,6905,92.7,96.8,1.7,0.4,85.1,85.6,79,81.3,96.6,99.6,124,200,98,31,1186,2656,1108,2622,4450,4854,5068,4442,9830,9852,10291,9994,94.1,96.9,98.3,95.7,90,98.1,28.2,34.9,27,36.1,29.4,33.6,53.7,68.3,73.2,66.5,88.2,99.4,81.3,80.5
Rajasthan,Barmer,51838,4392,47.5,73,19,7,66,81,61.7,68.5,74.9,89.5,73,140,92,144,2295,2937,2672,2536,3225,2564,3754,2919,5723,5967,6767,6029,93.2,91.7,95.8,93.7,91,89.7,71.1,80.7,72.7,78.3,69.6,83.2,73.5,96.3,77.9,96.7,93,99.6,92.7,98.1
Rajasthan,Bharatpur,70940,11255,81.7,86.8,4.9,5.8,90.5,88.4,85.1,83.5,94.3,93.2,238,292,257,289,1416,1493,2142,1832,3588,2762,4789,3412,5867,5370,7833,6131,96,96.7,96.2,95.8,95.8,97.5,21.2,41.6,20.3,37.3,22,45.8,97.8,99.1,98.1,98.5,98.4,97.7,99.9,99.9
Rajasthan,Bhilwara,28855,5156,79.2,89.3,6.7,0.7,81.9,88.6,65.2,80.7,90.2,99.3,264,40,175,42,1729,2016,2136,3119,2410,1304,2861,2370,4851,3636,6078,5821,94,95.7,93.2,96.7,94.7,95,59.5,58.1,65.7,73,54.6,48.1,82,76.7,83.7,75.8,84.9,98.7,97.8,96.9
Rajasthan,Bikaner,32824,14219,66,83,12.1,6,81.9,89.4,76.5,83,86.3,93.6,141,187,138,135,483,1205,504,1309,2577,1914,2596,2046,3381,3896,3490,3971,98.8,99.6,98.6,99.7,99,99.6,53.2,40,53.4,41,53,38.8,95.9,98.8,95,97,99.5,99.9,99.7,99.7
Rajasthan,Bundi,42123,9780,92.2,93.6,2.6,0.3,78.6,89.1,61.4,75.1,94.6,99,200,104,193,109,432,1388,2316,1593,1863,2548,2017,3405,4585,5966,6615,7529,90.5,89.7,87.4,83,92.8,95.4,48.3,55.5,46.2,46,49.7,62.3,51.2,77.7,81.5,79.6,96.4,97.5,96.1,98
Rajasthan,Chittaurgarh,39014,7000,85.5,92.6,4.9,0.6,78.8,88.9,69,78.4,91.6,98.8,1446,8755,1405,6006,3040,611,2509,732,4073,1338,5915,1220,9389,12304,10760,10274,97,96.2,97.6,94.8,96.6,97.9,39.9,40.1,43.2,32.2,36.9,49.7,81.7,93.6,79.5,97.5,96.2,99.1,89.1,98.8
Rajasthan,Churu,41493,8538,78.2,85.2,7.5,6.6,88.7,89.6,80.6,84.2,91.5,92.9,253,163,240,216,1926,1658,1953,1461,2013,1378,1905,1149,4397,3339,4347,3089,99,99.3,99.3,99.3,98.7,99.2,41.9,30.7,41.6,34.5,42.1,26.6,98.3,97.3,99.3,99,99.7,100,99.6,99.9
Rajasthan,Dausa,52339,3908,85.9,90.9,3.4,4,89.4,86.9,82.9,84.8,96.1,96,535,733,622,493,2339,1467,2251,1808,5683,3912,6462,4548,8918,6601,9718,7671,95.2,97.1,94.6,97,95.8,97.1,25.4,24.7,24.4,22.1,26.5,27.2,99,99.7,87,90.5,99.4,99.7,97.1,99.7
Rajasthan,Dhaulpur,33491,8348,87.6,89.8,3.4,1.8,76.1,73.7,43.4,51.9,93.4,93.7,309,215,225,428,2106,1147,2318,1631,1928,2413,2241,2461,4448,4301,5037,5055,95.1,98.9,95.4,99.4,94.8,98.4,63.1,37.5,61.9,26.8,64.3,47.8,71.3,85.8,50.5,56.3,83.8,91.8,99.7,97.6
Rajasthan,Dungarpur,75246,4621,80.8,95.4,5.2,0,84.8,91.6,79,89.3,90.7,99.3,50,143,46,44,334,334,311,178,1559,5160,1925,5249,2901,6402,3292,5916,92.9,83.1,92,78.4,93.7,88,45.8,47.3,44,41,47.2,53,87,89.9,84.7,67.8,84.5,99.7,62.6,85.6
Rajasthan,Ganganagar,46449,17273,82.9,85.3,1.6,2.3,93.3,95.3,84.5,88.3,98.1,97.1,257,273,244,263,3127,2668,2859,2391,3220,1553,3140,1515,6753,4636,6404,4257,99.1,97.6,98.8,97.2,99.4,98.2,15.2,12.7,14.6,14.1,15.8,11.1,99.8,99.9,99.6,99.7,99.5,99.8,99.3,99.3
Rajasthan,Hanumangarh,49080,7543,83.9,86.3,2.3,2.9,93.9,94.2,92.4,90.6,97.6,97.1,357,1296,443,1501,2489,1944,2249,1299,2282,2741,2158,2829,5286,6230,4954,5803,99.5,96,99.3,96,99.7,96,22.1,29.1,22.9,30.4,21.1,27.5,100,100,99,99.9,99.4,99.8,97.3,97.7
Rajasthan,Jaipur,37375,29934,80.6,89.3,4.9,3,87.7,93.7,76.1,86,94.2,96.8,389,203,452,261,2772,2114,2775,2265,2480,2791,2801,3201,5832,5481,6273,6170,97.6,97.7,97.2,98.2,98,97.2,23.5,28.2,23.9,29.5,23,26.8,99.1,99.9,99.5,99.9,98.7,99.8,97.7,96.3
Rajasthan,Jaisalmer,33354,6280,58.5,80.4,10.8,0.7,76.9,87,72.7,80.4,86,99.3,54,60,25,103,92,121,129,34,6670,3987,7831,4267,7131,4500,8292,4611,98.8,98.9,98.5,99.3,99.2,98.5,90.5,84.3,89.2,86.9,91.9,81.4,94.4,98.4,99.8,100,99.9,100,100,100
Rajasthan,Jalor,68996,3998,60.8,70.3,8.1,5.4,69.3,84.5,65.3,71.6,78.9,86.4,262,206,233,53,1193,103,1503,107,3169,3244,3430,2880,5044,4119,5515,3680,99.1,99.3,99.1,100,99.2,98.6,42.8,45.9,42.9,45,42.7,47.1,60,86.6,71.7,90.6,87.5,99.5,98.2,99.2
Rajasthan,Jhalawar,39469,7092,84.8,95,3.4,0.5,76.2,84.4,66,69.3,94.4,98.2,1226,28,1458,30,1036,804,849,817,5272,1220,6165,1210,10636,6240,11911,6715,97.2,85.9,97.2,92.9,97.2,79.3,41.8,41.1,40.4,29.2,43.1,55.7,45,86.3,67.8,87.4,96.5,99.3,83.8,97.7
Rajasthan,Jhunjhunun,86708,16179,90.8,82.1,1.9,9.5,88.3,80.4,82.7,67.7,97.7,89.6,159,158,198,237,779,583,828,619,1155,1106,1306,1686,2198,2199,2437,2753,99.5,98.2,99.9,98.9,99.1,97.6,33.8,34.5,33,30.7,34.5,37.7,98.9,99,99.7,99.8,99.9,100,99.9,99.8
Rajasthan,Jodhpur,52403,14721,63.6,86.8,21.6,5.7,74.5,88.9,68.2,84.1,77.5,92.9,290,263,266,170,1036,1434,1050,1447,1679,1316,2074,1533,3195,3105,3561,3193,98.3,99.3,98.1,99.6,98.4,99.1,71.4,73.4,71,74.9,71.8,71.7,98,100,98.8,99.9,96.3,100,99.2,100
Rajasthan,Karauli,29199,4919,87.5,95.6,2.8,0.6,76.5,84.4,37,54.4,92.9,98.1,146,121,89,87,3143,4047,3127,3433,1502,1862,1673,956,4943,6394,5040,4867,97.1,98.9,97.5,98.7,96.7,99.1,41.7,53.6,49.9,64.7,32.9,37.8,53.2,92,65.8,71.6,98.6,98.3,97.1,94.7
Rajasthan,Kota,23330,20515,93.4,95.3,1.1,1.4,89.1,87.7,79.2,81.9,97.3,97.9,144,113,96,73,845,993,793,1112,2798,1192,2879,1207,10225,5855,10199,5729,97,93.9,97.9,92.6,96.1,95.4,37.1,38.7,45.6,36,28,41.7,69.4,89.4,96.5,93.7,79,99.7,98.2,98.3
Rajasthan,Nagaur,68414,7850,80.3,82.5,4.6,9,92.1,88.4,84.1,84.1,94.9,90.5,29,50,31,0,78,75,87,54,514,275,806,484,749,399,1081,565,97.4,100,96.8,100,97.8,100,56,75.7,52.9,81.3,58.3,71.4,99.7,100,98.9,99.2,99.1,99.3,98.5,99
Rajasthan,Pali,57644,10850,79.5,88.7,7.8,2.8,73.3,77.4,66.3,60.5,89.9,96.3,356,604,316,580,1398,1440,1564,1380,2383,2720,3037,3340,4591,5404,5524,5900,96,93.5,95,93.8,96.7,93.2,61.9,41.8,66.9,42.8,58,40.7,63.8,85,55.5,71,85,86.3,94,97.8
Rajasthan,Rajsamand,39193,5344,79.8,91.8,6.7,0,81.9,87.8,63.7,74.8,90.2,97.2,2750,2706,2279,2962,2902,714,3675,692,2928,1917,4587,2385,9031,5599,11008,6423,93.1,94,94.2,94.6,92.1,93.4,45.5,57.2,47.8,41.8,43.6,71.2,80.4,86.4,74.3,79.1,96.3,96.5,93.1,98.1
Rajasthan,Sawai Madhopur,26339,6147,86.9,85.3,3.2,2.8,72.8,72.5,47.7,54,91.3,93.4,50,33,63,107,1837,2390,1944,2782,1995,2157,1582,3067,3990,4580,3741,6098,97.7,99.7,98.5,99.3,96.8,100,49,53.6,55.9,59.9,41.1,48.5,56,89.1,71.9,95.9,97.8,97.4,93.4,98.3
Rajasthan,Sikar,74501,12357,86.2,83.2,4.1,7.1,93.1,91.2,86.8,81.1,95.6,92.9,274,517,265,405,3396,1501,3921,1321,2054,1533,2233,1708,6272,4181,7111,4068,98.6,98.4,98.3,98.1,98.8,98.7,20.8,25.5,20.3,23.6,21.2,27.6,100,100,100,100,98.7,97.9,98.3,98.5
Rajasthan,Sirohi,50684,5325,78.2,92.5,7.5,3,72.7,82.8,64.9,75.4,85.7,94.7,513,114,498,203,1067,533,1272,730,3107,2701,3667,2513,4947,3728,5752,3972,97,95.4,98.3,96.9,96,93.9,49.4,46,48.6,51.6,50.1,40.2,68.4,91.2,83.3,96.9,87.4,99.5,97.5,97.6
Rajasthan,Tonk,50727,10973,85.6,94,3.5,1.6,73.6,81.9,48.7,69.9,94.6,97.9,67,36,26,19,1764,3166,1855,4067,7836,612,8671,659,9740,3904,10709,4997,97.1,86.7,98.4,90.8,95.9,83.3,53.7,86.4,54.5,88.8,53,84.2,50.4,84.4,59.3,61.4,94.8,99.4,88.9,96.9
Rajasthan,Udaipur,31381,6998,72.4,93.2,5.9,0.4,82.4,96.4,79.8,91.2,88.4,98.5,458,251,514,121,1488,1949,1870,1941,4241,1671,5191,2062,6914,5347,8592,5914,95.1,98.2,95.9,98.4,94.4,97.9,52.3,33.9,55,34.4,50,33.5,76.9,95.8,67.7,78.8,79,98.9,91.7,98.1
Uttar Pradesh,Agra,75549,50065,74.99,77.46,3.99,3.54,62.72,66.3,42.7,45.87,89.87,91.6,548.21,471.43,573.43,513.68,16742.25,16450.59,17405.29,18479.32,1286.28,1075.92,1367.87,1098.22,18963.69,18332.51,19869.72,20463.2,94.13,95.38,94.4,95.62,93.84,95.13,3.09,2.7,3.29,2.93,2.86,2.46,57.34,78.69,54.48,80.22,95.23,98.05,96.53,96.66
Uttar Pradesh,Aligarh,37602,14981,68.28,77.17,1.73,1.06,65.64,72.73,51.19,60.25,92.43,94.5,379.39,714.66,528.21,732.49,11726.11,5769.23,12870.73,6328.74,2564.88,1858.11,3258.57,2168.18,15140.42,8601.87,17243.7,9522.41,94.14,91.69,94.42,91.84,93.87,91.54,2.3,2.91,2.68,3.78,1.94,2.02,45.66,77.29,56.48,58.54,91.66,98.02,95.77,97.26
Uttar Pradesh,Allahabad,48672,12357,74.79,72.7,10.23,13.09,60.89,66.02,54.29,58.5,77.3,75.77,1157.42,619.9,1195.57,690.73,3528.52,3491.03,3368.29,4058.02,1836.48,2251.22,2363.59,2296.67,6905.97,6557.91,7379.06,7269.9,98.73,99.88,98.17,100,99.24,99.76,3.39,1.95,3.7,1.99,3.12,1.9,82.53,99.19,95.52,98.14,99.54,99.88,96.64,94.32
Uttar Pradesh,Ambedkar Nagar,41251,3447,76.47,NA,12.2,NA,67.85,NA,63.48,NA,82.2,NA,607.06,NA,640.05,NA,13477.27,NA,13246.67,NA,859.71,NA,2448.9,NA,15315.1,NA,16677.19,NA,99.73,NA,99.82,NA,99.66,NA,5.23,NA,5.32,NA,5.16,NA,76.2,NA,95.35,NA,98.64,NA,96.05,NA
Uttar Pradesh,Auraiya,91157,16462,67.05,58.93,11,13.84,60.7,57.14,46.92,42.19,85.66,80.36,1041.28,703.89,1027.24,614.56,409.17,234.63,630.06,387.44,2761.1,3144.06,4573.74,4569.14,4228.19,4106.05,6576.3,5584.5,98.43,97.79,98.29,98.29,98.54,97.37,9.21,18.51,9.85,16.28,8.75,20.39,58.73,79.74,51.27,52.45,95.58,97.94,89.68,83.15
Uttar Pradesh,Azamgarh,95444,7721,69.8,76.19,8.35,8.16,62.56,62.59,56.53,58.5,84.07,84.01,361.5,382.02,308.54,368.27,13815.62,10725.83,14031.79,11614.73,5178.96,2380.25,5933.65,3002.83,19533.01,13752.57,20417.79,15184.14,99.23,99.1,99.13,99.15,99.31,99.07,2.87,4.12,3.06,3.45,2.72,4.71,86.03,86.51,91.42,86.42,99.53,99.38,92.71,93.17
Uttar Pradesh,Baghpat,82449,13310,77.44,75.68,2.13,4.17,84.36,78.22,76.36,70.24,96.15,92.74,564.68,294.53,488.92,223.21,8503.06,9719.5,8970.03,11074.86,4639.99,3169.71,5560.29,4309.75,13873.36,13295.93,15202.27,15728.02,98.04,98.5,97.95,99.16,98.13,97.82,3.99,2.51,3.99,2.34,3.99,2.68,94.01,95.28,96.45,98.71,98.9,98.99,98.53,99.21
Uttar Pradesh,Bahraich,114455,6947,67.88,76.22,8.42,3.5,46.18,65.38,26.86,39.86,83.08,86.71,1698.58,1332.95,1631.93,860.69,352.74,318.75,328.68,286.9,1709.52,840.34,1922.88,1051.96,4075.86,2521.01,4229.65,2358.94,100,100,100,100,100,100,13.36,16.77,15.47,17.24,11.18,16.22,75.55,95.36,68.06,85.41,99.9,99.01,97.8,99.89
Uttar Pradesh,Ballia,80144,7479,80.78,77.34,4.97,6.4,79.21,72.91,71.54,65.52,89.21,87.68,835.92,457.93,733.11,576.92,5633.61,4493.42,5854.56,4391.03,1151.3,572.41,1380.91,769.23,7845.63,5838.58,8280.16,5961.54,99.58,99.74,99.61,100,99.55,99.46,8.8,4.63,8.21,5.88,9.35,3.24,85.52,93.78,96.52,97.96,97.9,99.38,95.95,97.16
Uttar Pradesh,Balrampur,40418,1598,45.68,NA,27.91,NA,42.16,NA,35.5,NA,61.95,NA,351.98,NA,327.37,NA,7489.51,NA,6957.73,NA,618,NA,761.21,NA,8700.52,NA,8370.71,NA,99.68,NA,99.88,NA,99.47,NA,3.66,NA,3.65,NA,3.67,NA,80.26,NA,96.01,NA,99.06,NA,96.72,NA
Uttar Pradesh,Banda,54794,4472,87.23,91.18,3.74,0,75.03,87.25,40.28,62.75,94.23,100,398.15,224.82,504.9,206.93,251.45,449.64,215.67,517.33,2903.34,1933.45,4336.16,3207.45,4387.95,2607.91,5378.84,3931.71,98.18,99.25,98.2,98.28,98.17,100,11.87,26.32,10.58,22.81,12.94,28.95,52.79,86.58,79.76,83.41,99.86,99.71,99.99,100
Uttar Pradesh,Barabanki,54961,3761,80.08,84.85,7.25,5.45,74.12,79.39,42.2,65.45,92.44,93.94,683.05,612.87,603.59,536.35,3107,1123.6,2987.1,2264.6,3744.91,3626.15,4563.48,5125.15,8355.15,5924.41,9063.86,8820.02,97.88,95.08,97.17,93.1,98.61,96.62,7.58,5.58,7.45,4.63,7.72,6.29,71.67,95.06,39.91,93.68,99.51,99.8,99.79,99.21
Uttar Pradesh,Bareilly,52896,25596,52.53,63.08,4.46,4,52.78,57.03,39.1,46.77,82.96,87.38,318.14,297.69,234.74,287.09,11610.79,13474.34,13809.71,15384.62,5506.37,2937.72,6316.62,3571.73,17598.18,16889.93,20595.2,19386.98,99.04,98.14,99.08,98.19,99,98.08,1.3,1.53,1.32,1.61,1.28,1.47,48.8,80.22,42.28,65.6,95.01,96.61,95.56,94.83
Uttar Pradesh,Basti,44071,3984,82.67,NA,6.82,NA,72.07,NA,65.71,NA,85.99,NA,1283.07,NA,1092.24,NA,4528.46,NA,4534.29,NA,1616.6,NA,2018.99,NA,7880.95,NA,8107.75,NA,99.63,NA,99.59,NA,99.66,NA,5.1,NA,4.87,NA,5.3,NA,93.87,NA,97.75,NA,98.79,NA,97.56,NA
Uttar Pradesh,Bijnor,39065,10351,71.7,71.78,3.2,2.72,77.29,79.46,68.84,70.54,92.31,94.06,499.1,333.07,522,203,6994.5,5858.15,7264.59,6354.04,6576.75,6054.08,8476.03,8546.49,15203.48,13068.18,17785.34,16280.96,99.42,99.12,99.42,98.5,99.42,99.63,1.75,2.47,1.95,1.67,1.58,3.13,66.86,68.93,59.84,63.82,99.52,99.93,99.55,99.16
Uttar Pradesh,Budaun,44488,7505,60.79,61.87,5.68,2.78,47.12,46.46,30.67,30.56,83.08,85.35,658.07,446.3,548.54,381.26,22493.55,19302.65,23983.39,19444.44,4307.26,1059.97,4441.33,1252.72,28084.6,21115.76,30023.07,21677.56,94.45,95.75,94.52,96.3,94.38,95.23,2.36,3.97,2.31,3.98,2.4,3.96,36.58,76.78,64.38,70.12,99.67,99.35,97.45,96.3
Uttar Pradesh,Bulandshahar,43608,15865,65.24,69.58,1.8,2.41,71.05,70.63,52.11,52.86,92.54,88.86,311.61,481.6,285.57,352.3,14359.66,11990.61,16128.77,13401.08,6218.26,4951.84,8221.83,6273.71,21269.37,17868.61,25158.93,20691.06,96.61,98.02,97.09,98.2,96.17,97.84,1.59,2.44,1.62,2.32,1.55,2.54,70.34,83.15,55.4,57.4,96.96,99.65,96.91,97.16
Uttar Pradesh,Chandauli,84197,8192,81.79,79.2,9.12,12.4,65.95,62,60.36,58.4,84.43,80.4,685.37,285.34,846.86,165.29,10010.48,12658.88,9941.3,14986.23,7370.52,622.57,7577.34,1239.67,18787.97,13800.26,19147.11,16611.57,99.77,99.74,99.91,99.62,99.63,99.83,8.32,14.4,8.14,16.23,8.49,12.79,86.94,96.26,96.27,99,98.82,99.75,96.54,98
Uttar Pradesh,Chitrakoot,81889,6943,76.85,79.64,5.73,0.6,61.59,74.25,47.15,62.28,91.96,98.8,682.71,174.37,677.39,33.33,162.85,552.17,160.56,200,1930.32,1162.45,2780.37,1566.67,3073.26,2034.29,4019.54,1966.67,99.11,100,98.98,100,99.22,100,13.77,15.5,12.79,15.71,14.56,15.25,50.64,75.59,70.64,69.68,88.38,93.01,99.71,100
Uttar Pradesh,Deoria,60464,5450,65.47,59.12,8.27,6.08,71.3,61.33,67.15,58.56,86.68,88.4,765.39,542.57,824.18,420.33,6348.96,8263.77,5933.72,7718.76,878.61,751.25,990.22,1260.99,8262.65,9599.33,7977.62,9552.92,98.65,98.75,98.68,99.13,98.63,98.4,2.1,3.16,1.81,3.51,2.35,2.85,82.41,89.43,98.41,99.07,99.83,99.88,92.48,91.75
Uttar Pradesh,Etah,47323,5621,64.94,79.47,3.12,2.28,53.46,76.05,36.96,60.08,87.75,93.16,438.03,619.83,426.12,311.89,22363.33,22830.58,24938.43,25497.08,2670.44,2169.42,2892.14,2923.98,25791.16,26239.67,28866.85,29317.74,92.6,96.43,92.8,96.46,92.41,96.41,3.22,5.68,3,5.58,3.44,5.79,34.99,87.29,45.97,69.48,98.82,99.17,97.15,96.67
Uttar Pradesh,Etawah,61926,14867,78.15,80.63,8.13,3.15,72.69,90.32,54.6,74.32,90.93,93.02,675.99,285.42,612.03,225.67,900.91,1024.91,909.88,1098.24,1773.11,1491.96,2526.64,2121.26,3417.58,2841.2,4264.24,4077.03,95.96,99.18,97.64,99.09,94.34,99.26,8.94,11.93,7.23,10.6,10.64,13.01,74.35,91.08,73.62,77.43,99.07,99.02,96.47,98.53
Uttar Pradesh,Faizabad,55957,6262,79.8,81.87,6.9,4.4,70.57,74.73,65.67,72.53,86.6,87.36,914.69,592.54,897.9,617.52,6590.78,3834.09,6705.41,4399.85,1446.02,522.83,1766.03,501.74,9363.71,5123.74,9902.18,5789.27,98.97,99.66,98.72,99.32,99.2,100,4.31,7.09,4.97,7.53,3.72,6.67,77.49,95.41,93.89,97.94,98.94,100,95.77,97.82
Uttar Pradesh,Farrukhabad,46683,7428,73.58,83.75,13.97,10.47,55.66,71.12,40.81,55.6,81.82,89.53,900.2,654.62,1205.99,700.73,1679.78,1413.98,1684.05,1459.85,2643.18,968.84,4538.43,1284.67,5319.82,3168.37,7631.43,3708.03,100,100,100,100,100,100,12.91,4.03,17.12,3.31,9.54,4.72,54.88,90.68,54.21,66.36,96.8,100,87.37,89.12
Uttar Pradesh,Fatehpur,54916,5293,68.07,77.91,6.04,3.07,70.4,73.62,50.4,62.58,90.87,93.25,282.59,77.58,289.99,43.73,1942.89,1396.43,2576.21,1617.84,2720.78,1318.85,3690.84,1792.74,6046.58,4034.13,7180.08,7127.24,91.72,94.38,90.89,94.23,92.47,94.48,13.85,47.22,15.45,56.12,12.43,41.56,88.57,97.66,65.24,96.06,99.41,97.66,95.71,99.71
Uttar Pradesh,Firozabad,48676,13897,72.81,73.52,3.21,2.67,66.94,68.76,54.95,59.43,90.84,90.29,216.7,212.55,217.12,266.12,8845.47,8913.14,8532.27,9611.77,2412.14,2352.27,3442.29,2770.82,11694.58,11789.71,12512.88,12993.11,92.03,93.86,92.46,94.35,91.57,93.37,3.76,4.49,3.11,5.22,4.44,3.74,47.44,66.74,56.87,64.07,96.87,94.43,98.1,96.82
Uttar Pradesh,Gautam Buddha Nagar,67182,22316,66.75,72.19,1.65,1.33,73.7,74.08,58.92,64.29,93,94.88,514.82,336.86,568.45,367.07,11951.07,13450.43,12571.36,13833.25,6082.75,2991.66,7164.32,3639.22,19267.25,17155.92,21129.91,18206.61,95.54,97.65,95.25,97.43,95.85,97.93,2.04,1.93,2.01,1.87,2.08,2,79.65,92.64,94.54,98.83,97.82,99.2,96.66,96.03
Uttar Pradesh,Ghaziabad,56315,56670,68.33,70.37,2.25,1.55,71.58,73.19,54.78,62.26,93.06,92.42,356.03,285.83,450.9,308.68,12635.87,12842.33,13781.22,14586.02,3834.91,2745.28,4586.09,3340.76,17017.86,15979.79,19020.61,18391.75,98.81,99,98.78,99.13,98.84,98.87,1.55,1.74,1.53,1.53,1.56,1.96,90.26,94.09,91.34,92.36,98.24,98.43,97.14,97.3
Uttar Pradesh,Ghazipur,58162,4359,79.14,80.12,7.49,7.45,60.56,58.39,55.79,56.52,84.44,85.09,379.88,728.86,356.54,594.94,10117.94,11127.31,10188.01,12592.96,7346.08,1166.18,8890.15,1388.2,18139.57,13605.44,19845.47,15071.89,99.91,99.66,100,99.64,99.84,99.67,6.77,8.25,7.56,8.24,6.1,8.25,72.62,88.04,97.13,97.77,99.07,100,94.91,97.61
Uttar Pradesh,Gonda,70564,3760,73.25,84.62,10.13,4.73,58.79,83.43,46.93,81.07,83.8,94.08,1107.11,819.67,1125.93,1443.42,856.27,382.51,916.31,230.95,2214.32,546.45,2866.87,1270.21,4924.8,1748.63,5758.01,3406.47,100,100,100,100,100,100,6.46,19.78,7.04,6.25,5.94,27.12,64.56,91.6,68.92,90.23,91.23,99.8,93.44,99.22
Uttar Pradesh,Gorakhpur,67901,28596,73.07,75.62,6.75,7.73,72.64,70.04,65.95,64.33,87.61,82.88,1119.84,1554.14,1147.96,1204.06,3725.18,3658.09,3653.57,3707.22,1467.33,843.05,1708.68,926.81,6493.22,6121.25,6741.32,5948.99,99.57,99.81,99.41,99.88,99.71,99.73,4.07,6.95,3.96,7.31,4.16,6.54,88.41,94.71,97.86,97.86,98.36,99.32,95.36,95.02
Uttar Pradesh,Hamirpur,54416,8367,82.06,85.66,0.68,3.23,76.46,69.53,50.21,52.33,97.38,93.91,96.57,71.19,137,189.8,1789.35,1162.79,1998.85,1518.44,574.78,379.69,935.38,921.91,2681.61,1756.05,3722.54,2792.84,85.69,90.96,85.71,91.89,85.68,90.29,25.91,37.27,26.58,39.71,25.35,35.48,47.12,70.64,54.19,61.64,97.9,99.31,95.3,97.54
Uttar Pradesh,Hardoi,46936,5631,68.87,76.54,15.55,14.4,71.16,71.6,51.1,56.79,82.17,84.77,708.28,889.5,896.4,792.71,1084.98,2429.01,1202.97,3527.55,3241.26,3079.03,4646.94,3448.28,5281.72,6979.13,7083.86,8363.06,97.7,100,96.86,100,98.4,100,5.82,5.06,5.79,4.41,5.84,5.69,88.01,74.34,83.08,50.12,99.93,99.64,94.78,83.09
Uttar Pradesh,Hathras,44520,10542,68.33,70.65,1.9,4.73,70.76,63.93,57.59,48.26,93.99,90.05,752.28,485.52,816.85,342.47,12221.93,10249.96,13167.07,11108.73,3089.08,1060.96,3437.43,1476.88,16641.52,12299.95,18053.56,13784.25,93.63,94.35,92.57,95.32,94.75,93.32,5.91,4.47,5.33,4.91,6.51,3.99,45.65,75.29,56.31,77.94,97.84,99.38,96.37,96.8
Uttar Pradesh,Jalaun,42720,10785,82.43,65.47,5.83,17.27,69.8,56.59,56.97,45.8,92.91,80.58,62.05,69.98,70.24,63.41,1242.5,297.41,1313.77,443.88,641.3,227.43,874.93,549.57,2093.39,594.82,2483.2,1141.41,97.81,100,96.87,100,98.72,100,15.99,18.18,15.22,14.71,16.72,20.37,84.88,91.48,74.78,76.62,99.37,99.21,97.3,99.94
Uttar Pradesh,Jaunpur,40220,3065,76.12,NA,7.34,NA,68.85,NA,61.3,NA,84.23,NA,351.43,NA,379.15,NA,6557.21,NA,6154.16,NA,1123.58,NA,1028.49,NA,8151.6,NA,7702.62,NA,99.52,NA,99.22,NA,99.81,NA,11.26,NA,12.06,NA,10.47,NA,91.56,NA,94.38,NA,98.05,NA,95.35,NA
Uttar Pradesh,Jhansi,39734,33856,88.15,94.02,4.4,2.56,77.97,86.54,68.31,78.53,94.08,97.33,196.67,228.51,136.07,103.58,1111.38,1187.16,813.68,1307.7,1184.49,1549.44,1805.86,2188.13,2759.42,3149.04,3006.49,3761.25,58.41,97.82,58.1,97.88,58.73,97.76,25.29,19,27.46,18.81,23.02,19.19,64.98,92.41,78.62,91.69,99.13,99.68,91.98,97.01
Uttar Pradesh,Jyotiba Phule Nagar,30274,7653,62.2,61.09,4.1,2.89,67.9,62.7,55.28,60.45,86.57,91.64,243.71,578.03,355.73,419.23,9064.7,4177.61,9275.26,5422.02,4936.5,3652.13,6882.95,4835.1,14902.97,8906.99,17350.8,11375.07,97.15,98.79,97.55,99.12,96.78,98.53,3.04,3.93,3.26,3.87,2.83,3.99,68.41,77.3,69.57,82.24,97.87,99.65,98.43,98.41
Uttar Pradesh,Kannauj,131321,25111,64.56,61.87,2.11,6.75,62.5,55.51,47.24,42.8,91.56,85.5,544.98,489.8,502.3,326.32,16031.6,15673.68,16953.75,17415.2,3827.25,2778.22,4860.84,3520.82,20641.94,19102.3,22583.69,21434.09,96.15,98.24,96.42,98.23,95.87,98.24,8.94,7.31,8.95,7.49,8.94,7.14,64.17,72.11,65.2,79.78,96.07,96.89,93.81,93.41
Uttar Pradesh,Kanpur Dehat,47255,3371,75.76,NA,5.96,NA,81.09,NA,62.44,NA,93.5,NA,103.99,NA,97.27,NA,1242.88,NA,1011.59,NA,4032.74,NA,5242.09,NA,5740.1,NA,6750.84,NA,98.14,NA,98.51,NA,97.77,NA,16.55,NA,18.07,NA,15.02,NA,67.47,NA,67.35,NA,99.01,NA,99.37,NA
Uttar Pradesh,Kanpur Nagar,40483,103699,78.41,77.66,2.62,10.87,84.57,70.83,72.51,53.24,96.62,86.17,228.69,198.1,200.5,155.64,3953.74,3936.02,4237.95,5185.91,4792.79,2847.41,2694.32,3281.45,8990.89,7496.2,7149.38,9228.27,99.95,100,99.91,100,100,100,10.24,8.54,9.17,8.62,11.8,8.46,80.42,95.9,80.35,79.6,99.11,99.42,91.92,88.43
Uttar Pradesh,Kaushambi,62438,5134,73.36,57.32,20.13,35.98,56.09,39.63,47.88,31.71,74.69,60.98,756.42,332.23,821.85,326.04,4615.44,6312.29,3961.68,7778.3,2975.28,1613.67,3340.93,1630.18,8559.29,8448.03,8373.09,9967.4,99.81,100,99.88,100,99.74,100,6.52,7.14,7.05,5.62,6.02,8.41,79.22,86.04,96.17,98.01,98.72,99.87,93.99,92.15
Uttar Pradesh,Kheri,56245,4655,66.19,97,14.37,1,64.68,92,37.04,52,82.84,99,2020.95,802.36,2284.31,607.19,1674.97,1900.34,1760.2,2008.41,3227.62,2364.86,4192.46,2615.6,7482.29,6207.77,8914.77,6212.05,99.13,100,99.2,100,99.07,100,12.54,16.07,11.89,19.73,13.16,12.03,50.65,89.7,39.77,82.3,93.86,96.04,88.13,94.58
Uttar Pradesh,Kushinagar,47425,946,70.32,NA,8.08,NA,64.5,NA,60.69,NA,83.13,NA,941.05,NA,726.96,NA,6802.29,NA,6390.7,NA,1213.8,NA,1688.1,NA,9400.06,NA,9424.7,NA,99.6,NA,99.66,NA,99.56,NA,6.18,NA,6.12,NA,6.22,NA,82.82,NA,97.28,NA,99.2,NA,96.51,NA
Uttar Pradesh,Lalitpur,35126,4403,93.42,95.65,3.85,0.72,70.59,94.93,51.06,85.51,94.81,97.1,304.74,695.35,26.69,696.52,325.47,260.76,1698.81,646.77,2679.96,1216.86,3580.99,1890.55,4217.98,2607.56,8017.38,3980.1,76.88,78.57,96.75,100,64.99,62.5,24.22,28.18,10.61,25,36.35,32,66.5,88.86,78.7,83.62,98.94,98.12,99.38,99.46
Uttar Pradesh,Lucknow,47267,58271,90.24,91.88,2.72,3.83,88.82,90.03,61.38,76.68,96.82,95.71,851.05,436.56,913.68,528.94,2844.95,1559.64,3119.46,1635.59,3493.65,2436.1,4482.6,3263.68,7368.86,4688.91,8853.36,5747.08,97.61,96.94,97.3,96.94,97.91,96.93,11.86,15.41,11.78,15.54,11.94,15.29,81.02,95.27,78.54,88.01,95.99,97.58,90.95,93.54
Uttar Pradesh,Maharajganj,64373,3890,68.29,NA,8.58,NA,63.39,NA,58.12,NA,82.08,NA,1079.33,NA,949.54,NA,5957.92,NA,5758.33,NA,1156.63,NA,1313.64,NA,8377.74,NA,8189.16,NA,99.72,NA,99.78,NA,99.66,NA,4.15,NA,4.54,NA,3.8,NA,89.62,NA,95.85,NA,98.83,NA,96.53,NA
Uttar Pradesh,Mahoba,45973,17564,89.83,85.55,0.95,2.82,80.68,68.6,68.35,64.95,97.45,96.51,88.91,67.22,63.7,63.96,144.19,246.47,234.01,255.85,1565.5,1165.14,1784.83,1599.08,1945.21,1523.64,2107.61,2034.03,98.35,100,100,100,96.63,100,28.02,32.2,27.53,30.88,28.55,33.33,54.15,76.84,91.42,98.79,99.23,98.87,96.71,98.19
Uttar Pradesh,Mainpuri,51798,9025,55.96,59.01,2.87,2.09,64.15,65.01,49.65,55.61,88.19,89.82,388.46,495.61,293.73,164.2,12322.29,10633.03,12197.66,11775.74,2140.52,1351.66,2828.78,2275.39,15218.33,12840.73,15743.59,14543.75,97.35,95.13,99.27,95.26,95.36,95,19.72,19.52,20.99,18.97,18.36,20.03,63.24,75.36,56.35,69.45,95.48,97.81,96.25,95.02
Uttar Pradesh,Mathura,44037,15893,64.95,81.25,2.63,2.47,58.49,68.42,42.94,50.66,86.73,92.11,362.8,539.31,343.39,676.72,17473.34,16095.4,17884.21,18750.88,2279.13,1498.08,3080.35,1987.88,20513.69,18600.19,21888.97,22120.4,91.79,96.28,91.62,96.84,91.97,95.73,2.86,4.66,2.12,4.13,3.66,5.19,55.21,75.55,57.56,73.49,91.9,98.16,96.52,94.98
Uttar Pradesh,Mau,60305,14445,71.66,66.99,8.78,7.18,63.34,59.81,53.65,54.37,84.86,79.22,1660.56,700.58,1511.38,671.72,10573.48,9491.24,9898.17,11367.55,7577.02,5170.98,9746.43,7423.36,20144.94,15462.89,21498.87,19789.87,98.27,99.61,98.21,99.57,98.31,99.65,4.7,2.8,4.31,3.25,5.04,2.45,87.42,97.88,94.93,97.73,97.88,99.07,95.07,92.41
Uttar Pradesh,Meerut,50081,27607,64.58,59.96,2.6,3.14,73.26,68.6,59.67,55.05,93.05,88.42,714.39,516.83,660.6,507.57,11826.8,10085.21,12865.49,10854.29,4520.73,2276.85,4644.19,2397.31,17654.84,13242.07,18891.8,14251.13,96.68,96.72,96.82,97.26,96.54,96.16,3.54,2.89,3.91,3.15,3.15,2.62,71.68,83.1,58.4,77.51,97.21,98.65,97.84,98.14
Uttar Pradesh,Mirzapur,34551,3629,67.66,70.08,11.15,7.87,56.24,58.27,43.61,44.88,80.19,77.95,515.71,545.85,411.96,192.31,3923.3,6659.39,4015.48,6730.77,2940.71,1965.07,3109.4,1923.08,8028.67,9497.82,8362.47,9423.08,99.44,100,99.49,100,99.39,100,5.68,4.67,4.69,4.6,6.65,4.76,69.44,86.52,96.7,97.67,98.05,99.83,96.28,96.17
Uttar Pradesh,Moradabad,48627,18005,62.24,70.31,4.01,3.6,70.77,73.26,50.39,57.33,91.59,94.09,836.56,341.66,707.54,454.98,5410.43,4185.35,6053.77,4621.65,4543.27,3907.75,5716.98,4741.38,11880.97,9054.03,13977.3,10716,95.83,99.6,96.08,99.76,95.59,99.44,2.71,2.65,3.25,2.6,2.21,2.7,54.84,83,48.38,52.96,99.12,99.96,98.58,99.18
Uttar Pradesh,Muzaffarnagar,61454,14295,61.11,69.26,3.38,2.42,70.44,71.33,51.81,58.2,89.88,91.71,392.07,404.69,343.01,327.05,17427.9,16120.33,19435.29,18813.27,1994.1,1389.45,2434.42,1728.7,20320.98,18561.99,22893.24,21663.29,98.09,98.01,98.15,98.04,98.03,97.99,4.08,6.9,3.97,6.6,4.18,7.19,79.2,90.26,78.91,80.48,99.13,98.58,98.27,97.41
Uttar Pradesh,Pilibhit,36896,6142,60.91,77.46,4.78,3.17,68.66,73.24,54.96,59.51,90.18,95.42,789.28,478.93,654.91,315.79,15039.24,10600.26,15124.14,11508.77,6435.03,4821.2,7166.9,5228.07,22611.81,16060.03,23377.46,17228.07,97.47,98.89,97.45,99.2,97.5,98.57,3.04,3.15,3.04,3.01,3.04,3.31,41.33,69.96,36.88,47.08,99.11,99.76,96.3,97.62
Uttar Pradesh,Pratapgarh,83171,3599,77.4,87.95,9.14,6.02,71.51,80.12,64.26,76.51,84.1,90.96,979.33,1383.65,994.3,1138.52,3954.23,6100.63,3638.36,6198.61,6570.5,4276.73,5969.11,3858.32,11815.1,11823.9,10908.59,11321.95,99.69,100,99.73,100,99.65,100,7.81,9.26,8.25,9.57,7.4,8.94,83.5,99.62,93.23,93.19,97.72,99.81,94.4,98.3
Uttar Pradesh,Rae Bareli,61580,5355,75.81,84.85,3.01,5.05,76.83,85.86,54.74,55.56,94.86,90.91,1296.24,964.39,1255.48,1447.42,391.47,408.01,363.75,936.57,3394.08,3115.73,4339.37,3746.28,5256.06,4562.31,6225.18,6172.84,100,100,100,100,100,100,13.43,17.91,12.7,20.33,14.06,15.86,75.79,92.88,58.47,76.91,98.2,100,90.93,93.14
Uttar Pradesh,Rampur,52283,14177,58.47,59.44,3.32,4.02,73.9,76.05,61.13,62.76,91.78,91.43,536.22,406.5,516.67,256.49,29682.28,27936.64,32356.83,32060.95,4058.62,2396.97,4632.81,2761.01,34732.17,31090.55,37959.46,35561.26,96.85,98.3,96.79,98.15,96.91,98.43,5.21,4.31,5.14,4.41,5.27,4.22,51.97,82.91,50.57,61.25,98.68,98.16,98.22,98.37
Uttar Pradesh,Saharanpur,47551,10959,69.59,80,1.06,0.44,83.68,80.89,77.65,76.67,96.44,97.56,295.37,305.04,339.05,278.05,8719.42,7285.12,10628.08,9016.88,4499,1955.86,5543.4,2879.84,13664.72,9653.69,16688.18,12373.39,99.11,98.97,99.18,98.88,99.05,99.04,4.68,8.53,4.63,8.65,4.73,8.43,72.11,86.9,77.44,84.27,98.49,98.87,99.05,98.62
Uttar Pradesh,Sant Kabir Nagar,40327,3222,82.92,NA,4.25,NA,70.99,NA,58.53,NA,83.18,NA,900.29,NA,592.02,NA,4819.72,NA,5373.84,NA,804.95,NA,1178.54,NA,6659.2,NA,7292.8,NA,99.42,NA,99.65,NA,99.25,NA,4.01,NA,3.7,NA,4.24,NA,93.94,NA,97.74,NA,98.88,NA,98.56,NA
Uttar Pradesh,Sant Ravidas Nagar (Bhadohi),49036,6700,63.81,50,17.24,23.53,55.56,41.18,43.84,28.92,75.73,67.65,664.86,313.09,431.57,240.3,3374.1,3036.94,3599.83,3295.57,951.75,1095.8,990.9,823.89,5384.81,4665,5340.86,4634.4,99.77,99.65,99.85,100,99.69,99.26,5.43,3.53,6.23,3.36,4.66,3.73,82.93,86.2,95.25,97.93,98.27,99.89,91.16,92.17
Uttar Pradesh,Shahjahanpur,46239,9068,49.74,63.55,4.59,2.1,53.8,65.89,38.56,56.07,84.88,92.52,511.21,321.13,372.81,264.55,13914.2,17876.26,14249.63,17772.97,2922.02,2997.22,3249.28,1996.15,17787.71,21387.28,18226.5,20202.02,95.93,97.06,95.91,97.5,95.96,96.55,2.06,2.8,2,2.98,2.13,2.59,54.52,85.87,35.56,65.39,99.43,99.77,94.39,97.02
Uttar Pradesh,Shrawasti,36664,1467,45.1,NA,31.06,NA,33.06,NA,24.37,NA,50.82,NA,430.76,NA,328.58,NA,10456.92,NA,11279.95,NA,1875.07,NA,1788.97,NA,13101.46,NA,13704.45,NA,99.86,NA,99.9,NA,99.82,NA,10.31,NA,10.98,NA,9.68,NA,84.74,NA,94.17,NA,98.63,NA,96.13,NA
Uttar Pradesh,Siddharthnagar,53756,2482,70.53,NA,13.83,NA,57.56,NA,50.91,NA,76.27,NA,482.42,NA,431.29,NA,8108.51,NA,7971.02,NA,930.09,NA,958.5,NA,9646.08,NA,9562.03,NA,99.65,NA,99.69,NA,99.62,NA,4.06,NA,4.55,NA,3.65,NA,88.14,NA,95.15,NA,99.09,NA,95.35,NA
Uttar Pradesh,Sitapur,45469,4768,69.19,66.67,18.07,20.16,53.67,57.2,34.38,45.27,78.94,74.07,914.63,857.84,802.53,550.96,4518.29,3839.87,4877.59,5050.51,2159.23,1062.09,2528.03,1882.46,7899.03,6903.59,8606.59,8218.55,91.34,89.66,91.29,88.76,91.38,90.5,7.21,11.22,7.31,10,7.1,12.35,57.77,94.95,52.86,60.41,91.72,96.53,96.51,95.27
Uttar Pradesh,Sonbhadra,29171,4391,48.5,52.25,27.19,27.93,36.39,49.55,31.44,44.14,60.75,63.06,381.43,505.98,287.77,272.48,6247.7,6623.74,6353.66,6648.5,13753.16,4645.81,12799.51,5885.56,20622.47,11775.53,19618.95,13133.51,99.82,100,99.81,100,99.83,100,6.14,19.08,5.59,18.29,6.73,19.92,34.75,83.88,94.29,97.88,97.31,99.01,95.24,96.04
Uttar Pradesh,Sultanpur,58412,3511,81.4,NA,5.3,NA,71.75,NA,46.03,NA,93.85,NA,278.27,NA,254.77,NA,2848.27,NA,3272.07,NA,2697.52,NA,3095.68,NA,6421.16,NA,7617.99,NA,95.43,NA,97.83,NA,93.45,NA,9.09,NA,9.63,NA,8.62,NA,96.64,NA,46.18,NA,99.78,NA,99.88,NA
Uttar Pradesh,Unnao,59491,10195,79.97,84.29,8.51,9.97,74.62,69.18,62.95,63.75,91.18,89.73,264.85,155.67,278.76,170.83,796.53,1323.21,867.61,960.92,1848.89,2043.2,2640.32,2284.86,3609.47,4280.99,4806.83,4035.87,98.53,100,99.36,100,97.84,100,9.51,11.74,11.55,11.36,7.78,12.17,72.11,86.33,42.89,93.13,95.63,98.61,79.27,96.5
Uttar Pradesh,Varanasi,52489,33777,81.44,79.67,6.71,7.83,72.77,65.54,67.72,61.21,88.73,82.13,1020.03,784.31,1013.96,834.8,3142.17,4200.83,4002.46,4194.38,8069.27,7266.79,8829.12,8198.72,12696.83,12578.73,14161.88,13540.11,99.84,99.73,99.86,99.72,99.81,99.75,6.09,6.53,6.38,6.21,5.82,6.88,89.63,94.53,97.79,98.98,99.81,99.54,97.18,96.73
Uttarakhand,Almora,112008,8649,63.08,87.43,1.43,1.14,93.75,97.14,87.13,90.29,97.05,98.86,176.2,146.16,156.54,98.43,396.98,730.82,435.82,1328.74,849.15,341.05,1142.02,344.49,1942.43,1339.83,2433.47,1968.5,94.48,94.07,94.97,96.36,94.23,93.75,41.12,50.39,41.08,50.94,41.19,50.67,92.08,98.73,64.13,86.85,97.66,99.2,96.44,98.52
Uttarakhand,Bageshwar,111343,3270,52.31,76.92,3.64,1.28,87.14,85.9,82.46,84.62,94.12,97.44,206.62,426.31,225.09,646.41,1037.37,1400.73,1159.31,1745.31,2083.49,1522.53,3372.31,1874.6,3906.7,3775.88,5507.75,4848.09,92.46,95.62,93.34,95.16,91.93,96,63.27,87.02,66.43,79.66,61.26,93.06,91.01,99.47,86.21,90.81,98.73,96.64,97.73,97.35
Uttarakhand,Chamoli,137156,23957,46.78,77.72,1.13,0.8,93.32,93.9,87.28,91.11,97.53,98.81,71.04,32.93,66.92,9.06,745.13,4700.75,1421.42,8035.15,1905.44,2132.21,3100.36,2545.52,2773.7,6931.75,4648.35,10725.61,92.51,96.64,91.58,96.67,93.02,96.62,36.19,24.82,39.4,27.03,34.45,23.25,90.28,95.82,72.55,91.59,98.52,98.98,96.25,97.86
Uttarakhand,Champawat,24238,4241,68.87,73.79,1.23,5.52,92.05,83.45,88.69,81.38,98.21,92.41,174.08,46.23,148.71,257.07,1192.44,554.79,1338.4,565.55,1061.89,1664.36,1239.26,1902.31,4473.84,3929.73,4824.85,5192.8,97.18,100,95.91,100,98.46,100,23.99,17.2,24.75,15.29,23.3,18.81,96.56,95.67,97.81,93.85,99.61,99.72,98.68,99.02
Uttarakhand,Dehradun,147029,155980,90.05,93.92,2.3,1.87,88.71,93.25,83.83,89.91,96.81,97.97,374.04,462.34,364.5,562.88,2294.8,3027.44,2980.83,3313.46,2613.96,1333.1,2896.72,1385.44,5449.76,4890.28,6494.98,5370.59,99.65,99.92,99.72,99.92,99.59,99.92,13.34,16.75,11.78,17.77,14.71,15.76,94.55,97.22,97.49,97.19,98.92,99.16,96.54,97.03
Uttarakhand,Haridwar,43437,25776,73.17,86.26,16.47,8.65,63.52,79.53,54.9,74.31,80.04,90.25,590.69,384.62,614.2,174.05,5234,1739.51,5620.36,2349.64,26085.32,15576.92,25662.43,15006.77,31991.4,17770.98,31974.12,17598.14,100,100,100,100,100,100,8.48,6.46,5.59,6.2,11.79,6.76,89.87,94.92,97.15,97.2,99.34,97.84,97.43,96.9
Uttarakhand,Nainital,63730,36814,77.02,82.06,1.71,2.25,90.3,89.72,88.24,85.39,95.88,97.11,327.8,565.9,323.46,600.93,945.57,1898.67,1337.2,2368.73,2291.42,2633.81,2981.19,3086.35,4251.9,5214.72,5302.12,6236.87,96.19,98.35,96.81,98.78,95.66,97.94,38.06,40.62,37.21,40.45,38.79,40.78,96.91,96.43,68.39,77.6,99.13,98.15,97.73,97.71
Uttarakhand,Pauri Garhwal,188897,24187,87.38,87.72,1.24,1.1,90,90.55,84.06,84.72,97.19,95.59,365.39,322.78,382.06,416.16,1407.26,1260.84,1636.92,1715.39,1595.3,1270.93,1821.32,1349.98,3429.06,2975.59,3903.98,3633.78,99.77,100,99.77,100,99.77,100,26.41,24.35,27.34,25.42,25.72,23.46,92.4,96.74,95.53,98.5,97.74,99.84,95.71,96.2
Uttarakhand,Pithoragarh,84627,18372,66.41,93.56,1.43,0.4,92.45,97.18,87.66,94.97,97.73,99.6,211.19,213.53,222.9,232.87,625.84,1078.89,591.27,1330.67,1589.06,1786.92,2437.82,2328.68,2572.89,7777.03,3477.24,8593.92,91.5,93.59,93.79,96.1,89.95,91.35,50.31,26.29,48.77,27.82,51.39,24.86,95.41,99.17,97.43,99.05,99.46,99.39,96.66,99.14
Uttarakhand,Rudraprayag,138266,759,59.35,NA,1.68,NA,91.24,NA,85.68,NA,97.2,NA,49.21,NA,40.04,NA,2411.09,NA,3029.26,NA,1856.25,NA,4440.33,NA,4391.2,NA,7570.38,NA,93.1,NA,92.97,NA,93.16,NA,46.22,NA,41.6,NA,48.39,NA,93.53,NA,49.33,NA,99.24,NA,97.37,NA
Uttarakhand,Tehri Garhwal,181918,23657,76.63,93.27,6.13,2.66,81.18,89.05,74.85,84.82,87.61,95.93,296.89,450.62,284.91,461.92,4218.17,4515.36,5023.49,5002.46,1927.56,947.21,3162.05,1375.92,6581.07,6133.9,8620.54,7262.9,99.78,99.93,99.69,100,99.83,99.86,25.9,23.06,22.56,24.59,27.89,21.68,86.19,96.03,95.37,97.31,96.77,99.06,94.31,98.03
Uttarakhand,Udham Singh Nagar,64614,26904,74.89,79.77,2.6,3.25,89.53,86.79,83.35,82.18,96.46,96.65,168.88,321.22,211.36,382.05,437.27,542.51,478.86,829.13,1305.79,1513.31,1994.72,2015.93,2349.22,2655.44,3272.79,3503.5,97.46,98.13,97.3,98.12,97.78,98.14,18.26,16.37,17.81,16.99,18.58,15.84,91.55,98.81,46.68,45.5,98.39,99.41,98.68,97.44
Uttarakhand,Uttarkashi,67984,8664,86.48,94.09,7.35,3.76,83.17,89.25,74.22,79.03,91.13,95.7,1243.37,602.69,1439.56,790.31,652.82,695.41,1125.66,1159.11,4522.39,2758.46,5867.63,5558.48,6479.23,4172.46,8563.24,7586.93,99.72,99.36,99.72,100,99.72,98.96,25.47,31.97,26.62,30,24.62,33.22,86.32,98.89,95.37,98.52,95.95,99.04,91.32,93.77
